number, lhcFill, injectionScheme
324897, 7317, 25ns_2556b_2544_2215_2332_144bpi_20injV3
324896, 7317, 25ns_2556b_2544_2215_2332_144bpi_20injV3
324895, 7317, 25ns_2556b_2544_2215_2332_144bpi_20injV3
324878, 7315, 25ns_2556b_2544_2215_2332_144bpi_20injV3
324877, 7315, 25ns_2556b_2544_2215_2332_144bpi_20injV3
324876, 7315, 25ns_2556b_2544_2215_2332_144bpi_20injV3
324873, 7315, 25ns_2556b_2544_2215_2332_144bpi_20injV3
324872, 7315, 25ns_2556b_2544_2215_2332_144bpi_20injV3
324870, 7315, 25ns_2556b_2544_2215_2332_144bpi_20injV3
324869, 7315, 25ns_2556b_2544_2215_2332_144bpi_20injV3
324865, 7315, 25ns_2556b_2544_2215_2332_144bpi_20injV3
324863, 7315, 25ns_2556b_2544_2215_2332_144bpi_20injV3
324857, 7315, 25ns_2556b_2544_2215_2332_144bpi_20injV3
324856, 7315, 25ns_2556b_2544_2215_2332_144bpi_20injV3
324852, 7315, 25ns_2556b_2544_2215_2332_144bpi_20injV3
324847, 7314, 25ns_2556b_2544_2215_2332_144bpi_20injV3
324846, 7314, 25ns_2556b_2544_2215_2332_144bpi_20injV3
324841, 7314, 25ns_2556b_2544_2215_2332_144bpi_20injV3
324840, 7314, 25ns_2556b_2544_2215_2332_144bpi_20injV3
324835, 7314, 25ns_2556b_2544_2215_2332_144bpi_20injV3
324832, 7314, 25ns_2556b_2544_2215_2332_144bpi_20injV3
324791, 7310, 25ns_2556b_2544_2215_2332_144bpi_20injV3
324785, 7310, 25ns_2556b_2544_2215_2332_144bpi_20injV3
324784, 7310, 25ns_2556b_2544_2215_2332_144bpi_20injV3
324782, 7310, 25ns_2556b_2544_2215_2332_144bpi_20injV3
324780, 7310, 25ns_2556b_2544_2215_2332_144bpi_20injV3
324778, 7310, 25ns_2556b_2544_2215_2332_144bpi_20injV3
324776, 7310, 25ns_2556b_2544_2215_2332_144bpi_20injV3
324775, 7310, 25ns_2556b_2544_2215_2332_144bpi_20injV3
324772, 7309, 25ns_2556b_2544_2215_2332_144bpi_20injV3
324769, 7309, 25ns_2556b_2544_2215_2332_144bpi_20injV3
324765, 7309, 25ns_2556b_2544_2215_2332_144bpi_20injV3
324764, 7309, 25ns_2556b_2544_2215_2332_144bpi_20injV3
324747, 7309, 25ns_2556b_2544_2215_2332_144bpi_20injV3
324746, 7309, 25ns_2556b_2544_2215_2332_144bpi_20injV3
324745, 7309, 25ns_2556b_2544_2215_2332_144bpi_20injV3
324744, 7309, 25ns_2556b_2544_2215_2332_144bpi_20injV3
324742, 7309, 25ns_2556b_2544_2215_2332_144bpi_20injV3
324741, 7309, 25ns_2556b_2544_2215_2332_144bpi_20injV3
324738, 7309, 25ns_2556b_2544_2215_2332_144bpi_20injV3
324737, 7309, 25ns_2556b_2544_2215_2332_144bpi_20injV3
324729, 7308, 25ns_603b_590_524_542_48bpi_17inj
324725, 7308, 25ns_603b_590_524_542_48bpi_17inj
324723, 7308, 25ns_603b_590_524_542_48bpi_17inj
324722, 7308, 25ns_603b_590_524_542_48bpi_17inj
324720, 7308, 25ns_603b_590_524_542_48bpi_17inj
324717, 7308, 25ns_603b_590_524_542_48bpi_17inj
324612, 7304, 25ns_75b_62_32_62_12bpi_9inj
324611, 7304, 25ns_75b_62_32_62_12bpi_9inj
324572, 7300, Multi_525ns_152_150_0_0_8bpi_19inj
324571, 7300, Multi_525ns_152_150_0_0_8bpi_19inj
324570, 7300, Multi_525ns_152_150_0_0_8bpi_19inj
324567, 7300, Multi_525ns_152_150_0_0_8bpi_19inj
324565, 7300, Multi_525ns_152_150_0_0_8bpi_19inj
324564, 7299, Multi_525ns_152_150_0_0_8bpi_19inj
324420, 7274, 25ns_2556b_2544_2215_2332_144bpi_20injV3
324418, 7274, 25ns_2556b_2544_2215_2332_144bpi_20injV3
324416, 7274, 25ns_2556b_2544_2215_2332_144bpi_20injV3
324415, 7274, 25ns_2556b_2544_2215_2332_144bpi_20injV3
324414, 7274, 25ns_2556b_2544_2215_2332_144bpi_20injV3
324332, 7271, 25ns_2556b_2544_2215_2332_144bpi_20injV3
324323, 7271, 25ns_2556b_2544_2215_2332_144bpi_20injV3
324322, 7271, 25ns_2556b_2544_2215_2332_144bpi_20injV3
324318, 7271, 25ns_2556b_2544_2215_2332_144bpi_20injV3
324317, 7271, 25ns_2556b_2544_2215_2332_144bpi_20injV3
324315, 7271, 25ns_2556b_2544_2215_2332_144bpi_20injV3
324314, 7271, 25ns_2556b_2544_2215_2332_144bpi_20injV3
324313, 7271, 25ns_2556b_2544_2215_2332_144bpi_20injV3
324312, 7271, 25ns_2556b_2544_2215_2332_144bpi_20injV3
324310, 7271, 25ns_2556b_2544_2215_2332_144bpi_20injV3
324308, 7271, 25ns_2556b_2544_2215_2332_144bpi_20injV3
324305, 7271, 25ns_2556b_2544_2215_2332_144bpi_20injV3
324295, 7271, 25ns_2556b_2544_2215_2332_144bpi_20injV3
324293, 7270, 25ns_2556b_2544_2215_2332_144bpi_20injV3
324292, 7270, 25ns_2556b_2544_2215_2332_144bpi_20injV3
324291, 7270, 25ns_2556b_2544_2215_2332_144bpi_20injV3
324245, 7266, 25ns_2556b_2544_2215_2332_144bpi_20injV3
324243, 7266, 25ns_2556b_2544_2215_2332_144bpi_20injV3
324242, 7266, 25ns_2556b_2544_2215_2332_144bpi_20injV3
324240, 7266, 25ns_2556b_2544_2215_2332_144bpi_20injV3
324239, 7266, 25ns_2556b_2544_2215_2332_144bpi_20injV3
324237, 7265, 25ns_2556b_2544_2215_2332_144bpi_20injV3
324236, 7265, 25ns_2556b_2544_2215_2332_144bpi_20injV3
324234, 7265, 25ns_2556b_2544_2215_2332_144bpi_20injV3
324233, 7265, 25ns_2556b_2544_2215_2332_144bpi_20injV3
324232, 7265, 25ns_2556b_2544_2215_2332_144bpi_20injV3
324231, 7265, 25ns_2556b_2544_2215_2332_144bpi_20injV3
324224, 7265, 25ns_2556b_2544_2215_2332_144bpi_20injV3
324218, 7265, 25ns_2556b_2544_2215_2332_144bpi_20injV3
324214, 7265, 25ns_2556b_2544_2215_2332_144bpi_20injV3
324213, 7265, 25ns_2556b_2544_2215_2332_144bpi_20injV3
324211, 7265, 25ns_2556b_2544_2215_2332_144bpi_20injV3
324209, 7264, 25ns_2556b_2544_2215_2332_144bpi_20injV3
324207, 7264, 25ns_2556b_2544_2215_2332_144bpi_20injV3
324206, 7264, 25ns_2556b_2544_2215_2332_144bpi_20injV3
324205, 7264, 25ns_2556b_2544_2215_2332_144bpi_20injV3
324202, 7264, 25ns_2556b_2544_2215_2332_144bpi_20injV3
324201, 7264, 25ns_2556b_2544_2215_2332_144bpi_20injV3
324200, 7264, 25ns_2556b_2544_2215_2332_144bpi_20injV3
324199, 7264, 25ns_2556b_2544_2215_2332_144bpi_20injV3
324198, 7264, 25ns_2556b_2544_2215_2332_144bpi_20injV3
324197, 7264, 25ns_2556b_2544_2215_2332_144bpi_20injV3
324196, 7264, 25ns_2556b_2544_2215_2332_144bpi_20injV3
324195, 7264, 25ns_2556b_2544_2215_2332_144bpi_20injV3
324194, 7264, 25ns_2556b_2544_2215_2332_144bpi_20injV3
324078, 7259, 25ns_2556b_2544_2215_2332_144bpi_20injV3
324077, 7259, 25ns_2556b_2544_2215_2332_144bpi_20injV3
324076, 7259, 25ns_2556b_2544_2215_2332_144bpi_20injV3
324022, 7256, 25ns_2556b_2544_2215_2332_144bpi_20injV3
324021, 7256, 25ns_2556b_2544_2215_2332_144bpi_20injV3
324020, 7256, 25ns_2556b_2544_2215_2332_144bpi_20injV3
323997, 7253, 25ns_2556b_2544_2215_2332_144bpi_20injV3
323983, 7253, 25ns_2556b_2544_2215_2332_144bpi_20injV3
323980, 7253, 25ns_2556b_2544_2215_2332_144bpi_20injV3
323978, 7253, 25ns_2556b_2544_2215_2332_144bpi_20injV3
323976, 7253, 25ns_2556b_2544_2215_2332_144bpi_20injV3
323975, 7253, 25ns_2556b_2544_2215_2332_144bpi_20injV3
323960, 7253, 25ns_2556b_2544_2215_2332_144bpi_20injV3
323958, 7253, 25ns_2556b_2544_2215_2332_144bpi_20injV3
323955, 7253, 25ns_2556b_2544_2215_2332_144bpi_20injV3
323954, 7252, 25ns_2556b_2544_2215_2332_144bpi_20injV3
323940, 7252, 25ns_2556b_2544_2215_2332_144bpi_20injV3
323857, 7245, 25ns_2556b_2544_2215_2332_144bpi_20injV3
323841, 7245, 25ns_2556b_2544_2215_2332_144bpi_20injV3
323794, 7242, 25ns_2556b_2544_2215_2332_144bpi_20injV3
323790, 7242, 25ns_2556b_2544_2215_2332_144bpi_20injV3
323788, 7242, 25ns_2556b_2544_2215_2332_144bpi_20injV3
323787, 7242, 25ns_2556b_2544_2215_2332_144bpi_20injV3
323786, 7242, 25ns_2556b_2544_2215_2332_144bpi_20injV3
323778, 7240, 25ns_2556b_2544_2215_2332_144bpi_20injV3
323775, 7240, 25ns_2556b_2544_2215_2332_144bpi_20injV3
323773, 7240, 25ns_2556b_2544_2215_2332_144bpi_20injV3
323772, 7240, 25ns_2556b_2544_2215_2332_144bpi_20injV3
323766, 7240, 25ns_2556b_2544_2215_2332_144bpi_20injV3
323761, 7240, 25ns_2556b_2544_2215_2332_144bpi_20injV3
323759, 7240, 25ns_2556b_2544_2215_2332_144bpi_20injV3
323758, 7240, 25ns_2556b_2544_2215_2332_144bpi_20injV3
323755, 7239, 25ns_2556b_2544_2215_2332_144bpi_20injV3
323754, 7239, 25ns_2556b_2544_2215_2332_144bpi_20injV3
323727, 7236, 25ns_2556b_2544_2215_2332_144bpi_20injV3
323726, 7236, 25ns_2556b_2544_2215_2332_144bpi_20injV3
323725, 7236, 25ns_2556b_2544_2215_2332_144bpi_20injV3
323723, 7236, 25ns_2556b_2544_2215_2332_144bpi_20injV3
323722, 7236, 25ns_2556b_2544_2215_2332_144bpi_20injV3
323721, 7236, 25ns_2556b_2544_2215_2332_144bpi_20injV3
323720, 7236, 25ns_2556b_2544_2215_2332_144bpi_20injV3
323719, 7236, 25ns_2556b_2544_2215_2332_144bpi_20injV3
323718, 7236, 25ns_2556b_2544_2215_2332_144bpi_20injV3
323702, 7234, 25ns_2556b_2544_2215_2332_144bpi_20injV3
323701, 7234, 25ns_2556b_2544_2215_2332_144bpi_20injV3
323700, 7234, 25ns_2556b_2544_2215_2332_144bpi_20injV3
323699, 7234, 25ns_2556b_2544_2215_2332_144bpi_20injV3
323698, 7234, 25ns_2556b_2544_2215_2332_144bpi_20injV3
323697, 7234, 25ns_2556b_2544_2215_2332_144bpi_20injV3
323696, 7234, 25ns_2556b_2544_2215_2332_144bpi_20injV3
323693, 7234, 25ns_2556b_2544_2215_2332_144bpi_20injV3
323692, 7234, 25ns_2556b_2544_2215_2332_144bpi_20injV3
323689, 7234, 25ns_2556b_2544_2215_2332_144bpi_20injV3
323688, 7234, 25ns_2556b_2544_2215_2332_144bpi_20injV3
323526, 7221, 25ns_2556b_2544_2215_2332_144bpi_20injV3
323525, 7221, 25ns_2556b_2544_2215_2332_144bpi_20injV3
323524, 7221, 25ns_2556b_2544_2215_2332_144bpi_20injV3
323523, 7221, 25ns_2556b_2544_2215_2332_144bpi_20injV3
323522, 7221, 25ns_2556b_2544_2215_2332_144bpi_20injV3
323521, 7221, 25ns_2556b_2544_2215_2332_144bpi_20injV3
323518, 7221, 25ns_2556b_2544_2215_2332_144bpi_20injV3
323516, 7221, 25ns_2556b_2544_2215_2332_144bpi_20injV3
323515, 7221, 25ns_2556b_2544_2215_2332_144bpi_20injV3
323514, 7220, Single_12b_9_1_5_BSRT_2018_pilot
323513, 7220, Single_12b_9_1_5_BSRT_2018_pilot
323495, 7218, 25ns_2556b_2544_2215_2332_144bpi_20injV3
323493, 7218, 25ns_2556b_2544_2215_2332_144bpi_20injV3
323492, 7218, 25ns_2556b_2544_2215_2332_144bpi_20injV3
323491, 7218, 25ns_2556b_2544_2215_2332_144bpi_20injV3
323489, 7218, 25ns_2556b_2544_2215_2332_144bpi_20injV3
323488, 7218, 25ns_2556b_2544_2215_2332_144bpi_20injV3
323487, 7218, 25ns_2556b_2544_2215_2332_144bpi_20injV3
323486, 7218, 25ns_2556b_2544_2215_2332_144bpi_20injV3
323484, 7218, 25ns_2556b_2544_2215_2332_144bpi_20injV3
323482, 7218, 25ns_2556b_2544_2215_2332_144bpi_20injV3
323481, 7218, 25ns_2556b_2544_2215_2332_144bpi_20injV3
323480, 7218, 25ns_2556b_2544_2215_2332_144bpi_20injV3
323479, 7218, 25ns_2556b_2544_2215_2332_144bpi_20injV3
323477, 7218, 25ns_2556b_2544_2215_2332_144bpi_20injV3
323476, 7217, 25ns_2556b_2544_2215_2332_144bpi_20injV3
323475, 7217, 25ns_2556b_2544_2215_2332_144bpi_20injV3
323474, 7217, 25ns_2556b_2544_2215_2332_144bpi_20injV3
323473, 7217, 25ns_2556b_2544_2215_2332_144bpi_20injV3
323472, 7217, 25ns_2556b_2544_2215_2332_144bpi_20injV3
323471, 7217, 25ns_2556b_2544_2215_2332_144bpi_20injV3
323470, 7217, 25ns_2556b_2544_2215_2332_144bpi_20injV3
323468, 7217, 25ns_2556b_2544_2215_2332_144bpi_20injV3
323467, 7217, 25ns_2556b_2544_2215_2332_144bpi_20injV3
323423, 7213, 25ns_1227b_1214_1054_1102_144bpi_14inj
323422, 7213, 25ns_1227b_1214_1054_1102_144bpi_14inj
323421, 7213, 25ns_1227b_1214_1054_1102_144bpi_14inj
323420, 7213, 25ns_1227b_1214_1054_1102_144bpi_14inj
323419, 7213, 25ns_1227b_1214_1054_1102_144bpi_14inj
323418, 7213, 25ns_1227b_1214_1054_1102_144bpi_14inj
323417, 7213, 25ns_1227b_1214_1054_1102_144bpi_14inj
323416, 7213, 25ns_1227b_1214_1054_1102_144bpi_14inj
323415, 7213, 25ns_1227b_1214_1054_1102_144bpi_14inj
323414, 7213, 25ns_1227b_1214_1054_1102_144bpi_14inj
323413, 7213, 25ns_1227b_1214_1054_1102_144bpi_14inj
323411, 7213, 25ns_1227b_1214_1054_1102_144bpi_14inj
323410, 7213, 25ns_1227b_1214_1054_1102_144bpi_14inj
323408, 7213, 25ns_1227b_1214_1054_1102_144bpi_14inj
323407, 7213, 25ns_1227b_1214_1054_1102_144bpi_14inj
323401, 7213, 25ns_1227b_1214_1054_1102_144bpi_14inj
323400, 7213, 25ns_1227b_1214_1054_1102_144bpi_14inj
323399, 7212, 25ns_603b_590_524_542_48bpi_17inj
323398, 7212, 25ns_603b_590_524_542_48bpi_17inj
323397, 7212, 25ns_603b_590_524_542_48bpi_17inj
323396, 7212, 25ns_603b_590_524_542_48bpi_17inj
323395, 7212, 25ns_603b_590_524_542_48bpi_17inj
323394, 7212, 25ns_603b_590_524_542_48bpi_17inj
323393, 7212, 25ns_603b_590_524_542_48bpi_17inj
323391, 7212, 25ns_603b_590_524_542_48bpi_17inj
323388, 7212, 25ns_603b_590_524_542_48bpi_17inj
323387, 7212, 25ns_603b_590_524_542_48bpi_17inj
323384, 7212, 25ns_603b_590_524_542_48bpi_17inj
323383, 7212, 25ns_603b_590_524_542_48bpi_17inj
323381, 7212, 25ns_603b_590_524_542_48bpi_17inj
323380, 7211, 25ns_75b_62_32_62_12bpi_9inj
323379, 7211, 25ns_75b_62_32_62_12bpi_9inj
323378, 7211, 25ns_75b_62_32_62_12bpi_9inj
323377, 7211, 25ns_75b_62_32_62_12bpi_9inj
323376, 7211, 25ns_75b_62_32_62_12bpi_9inj
323375, 7211, 25ns_75b_62_32_62_12bpi_9inj
323374, 7211, 25ns_75b_62_32_62_12bpi_9inj
323373, 7211, 25ns_75b_62_32_62_12bpi_9inj
323371, 7211, 25ns_75b_62_32_62_12bpi_9inj
323370, 7211, 25ns_75b_62_32_62_12bpi_9inj
323369, 7211, 25ns_75b_62_32_62_12bpi_9inj
323368, 7211, 25ns_75b_62_32_62_12bpi_9inj
323367, 7211, 25ns_75b_62_32_62_12bpi_9inj
323365, 7211, 25ns_75b_62_32_62_12bpi_9inj
323364, 7211, 25ns_75b_62_32_62_12bpi_9inj
323363, 7211, 25ns_75b_62_32_62_12bpi_9inj
323362, 7211, 25ns_75b_62_32_62_12bpi_9inj
323361, 7211, 25ns_75b_62_32_62_12bpi_9inj
323360, 7211, 25ns_75b_62_32_62_12bpi_9inj
323359, 7211, 25ns_75b_62_32_62_12bpi_9inj
322633, 7145, 25ns_2556b_2544_2215_2332_144bpi_20injV3
322625, 7145, 25ns_2556b_2544_2215_2332_144bpi_20injV3
322624, 7145, 25ns_2556b_2544_2215_2332_144bpi_20injV3
322620, 7145, 25ns_2556b_2544_2215_2332_144bpi_20injV3
322619, 7145, 25ns_2556b_2544_2215_2332_144bpi_20injV3
322617, 7144, 25ns_2556b_2544_2215_2332_144bpi_20injV3
322616, 7144, 25ns_2556b_2544_2215_2332_144bpi_20injV3
322605, 7144, 25ns_2556b_2544_2215_2332_144bpi_20injV3
322603, 7144, 25ns_2556b_2544_2215_2332_144bpi_20injV3
322602, 7144, 25ns_2556b_2544_2215_2332_144bpi_20injV3
322599, 7144, 25ns_2556b_2544_2215_2332_144bpi_20injV3
322595, 7144, 25ns_2556b_2544_2215_2332_144bpi_20injV3
322593, 7144, 25ns_2556b_2544_2215_2332_144bpi_20injV3
322551, 7144, 25ns_2556b_2544_2215_2332_144bpi_20injV3
322550, 7144, 25ns_2556b_2544_2215_2332_144bpi_20injV3
322512, 7142, 25ns_2556b_2544_2215_2332_144bpi_20injV3
322510, 7142, 25ns_2556b_2544_2215_2332_144bpi_20injV3
322509, 7142, 25ns_2556b_2544_2215_2332_144bpi_20injV3
322508, 7142, 25ns_2556b_2544_2215_2332_144bpi_20injV3
322507, 7142, 25ns_2556b_2544_2215_2332_144bpi_20injV3
322505, 7142, 25ns_2556b_2544_2215_2332_144bpi_20injV3
322492, 7139, 25ns_2556b_2544_2215_2332_144bpi_20injV3
322487, 7139, 25ns_2556b_2544_2215_2332_144bpi_20injV3
322485, 7139, 25ns_2556b_2544_2215_2332_144bpi_20injV3
322484, 7139, 25ns_2556b_2544_2215_2332_144bpi_20injV3
322483, 7139, 25ns_2556b_2544_2215_2332_144bpi_20injV3
322480, 7139, 25ns_2556b_2544_2215_2332_144bpi_20injV3
322479, 7139, 25ns_2556b_2544_2215_2332_144bpi_20injV3
322477, 7139, 25ns_2556b_2544_2215_2332_144bpi_20injV3
322431, 7137, 25ns_2556b_2544_2215_2332_144bpi_20injV3
322430, 7137, 25ns_2556b_2544_2215_2332_144bpi_20injV3
322429, 7137, 25ns_2556b_2544_2215_2332_144bpi_20injV3
322427, 7137, 25ns_2556b_2544_2215_2332_144bpi_20injV3
322424, 7137, 25ns_2556b_2544_2215_2332_144bpi_20injV3
322422, 7137, 25ns_2556b_2544_2215_2332_144bpi_20injV3
322407, 7135, 25ns_2556b_2544_2215_2332_144bpi_20injV3
322406, 7135, 25ns_2556b_2544_2215_2332_144bpi_20injV3
322381, 7133, 25ns_2556b_2544_2215_2332_144bpi_20injV3
322380, 7133, 25ns_2556b_2544_2215_2332_144bpi_20injV3
322379, 7133, 25ns_2556b_2544_2215_2332_144bpi_20injV3
322378, 7133, 25ns_2556b_2544_2215_2332_144bpi_20injV3
322377, 7133, 25ns_2556b_2544_2215_2332_144bpi_20injV3
322361, 7133, 25ns_2556b_2544_2215_2332_144bpi_20injV3
322359, 7133, 25ns_2556b_2544_2215_2332_144bpi_20injV3
322358, 7133, 25ns_2556b_2544_2215_2332_144bpi_20injV3
322357, 7133, 25ns_2556b_2544_2215_2332_144bpi_20injV3
322356, 7132, 25ns_2556b_2544_2215_2332_144bpi_20injV3
322355, 7132, 25ns_2556b_2544_2215_2332_144bpi_20injV3
322354, 7132, 25ns_2556b_2544_2215_2332_144bpi_20injV3
322351, 7132, 25ns_2556b_2544_2215_2332_144bpi_20injV3
322349, 7132, 25ns_2556b_2544_2215_2332_144bpi_20injV3
322348, 7131, 25ns_2556b_2544_2215_2332_144bpi_20injV3
322347, 7131, 25ns_2556b_2544_2215_2332_144bpi_20injV3
322346, 7131, 25ns_2556b_2544_2215_2332_144bpi_20injV3
322345, 7131, 25ns_2556b_2544_2215_2332_144bpi_20injV3
322343, 7131, 25ns_2556b_2544_2215_2332_144bpi_20injV3
322333, 7128, 25ns_2556b_2544_2215_2332_144bpi_20injV3
322332, 7128, 25ns_2556b_2544_2215_2332_144bpi_20injV3
322331, 7128, 25ns_2556b_2544_2215_2332_144bpi_20injV3
322330, 7128, 25ns_2556b_2544_2215_2332_144bpi_20injV3
322328, 7128, 25ns_2556b_2544_2215_2332_144bpi_20injV3
322327, 7128, 25ns_2556b_2544_2215_2332_144bpi_20injV3
322326, 7128, 25ns_2556b_2544_2215_2332_144bpi_20injV3
322324, 7127, 25ns_2556b_2544_2215_2332_144bpi_20injV3
322323, 7127, 25ns_2556b_2544_2215_2332_144bpi_20injV3
322322, 7127, 25ns_2556b_2544_2215_2332_144bpi_20injV3
322319, 7127, 25ns_2556b_2544_2215_2332_144bpi_20injV3
322317, 7127, 25ns_2556b_2544_2215_2332_144bpi_20injV3
322310, 7127, 25ns_2556b_2544_2215_2332_144bpi_20injV3
322308, 7127, 25ns_2556b_2544_2215_2332_144bpi_20injV3
322306, 7127, 25ns_2556b_2544_2215_2332_144bpi_20injV3
322302, 7127, 25ns_2556b_2544_2215_2332_144bpi_20injV3
322252, 7125, 25ns_2556b_2544_2215_2332_144bpi_20injV3
322250, 7125, 25ns_2556b_2544_2215_2332_144bpi_20injV3
322249, 7125, 25ns_2556b_2544_2215_2332_144bpi_20injV3
322248, 7125, 25ns_2556b_2544_2215_2332_144bpi_20injV3
322247, 7125, 25ns_2556b_2544_2215_2332_144bpi_20injV3
322245, 7125, 25ns_2556b_2544_2215_2332_144bpi_20injV3
322243, 7125, 25ns_2556b_2544_2215_2332_144bpi_20injV3
322233, 7125, 25ns_2556b_2544_2215_2332_144bpi_20injV3
322222, 7124, 25ns_2556b_2544_2215_2332_144bpi_20injV3
322204, 7124, 25ns_2556b_2544_2215_2332_144bpi_20injV3
322201, 7124, 25ns_2556b_2544_2215_2332_144bpi_20injV3
322200, 7124, 25ns_2556b_2544_2215_2332_144bpi_20injV3
322198, 7124, 25ns_2556b_2544_2215_2332_144bpi_20injV3
322196, 7124, 25ns_2556b_2544_2215_2332_144bpi_20injV3
322194, 7124, 25ns_2556b_2544_2215_2332_144bpi_20injV3
322192, 7124, 25ns_2556b_2544_2215_2332_144bpi_20injV3
322179, 7123, 25ns_2556b_2544_2215_2332_144bpi_20injV3
322178, 7123, 25ns_2556b_2544_2215_2332_144bpi_20injV3
322177, 7123, 25ns_2556b_2544_2215_2332_144bpi_20injV3
322175, 7123, 25ns_2556b_2544_2215_2332_144bpi_20injV3
322174, 7123, 25ns_2556b_2544_2215_2332_144bpi_20injV3
322169, 7123, 25ns_2556b_2544_2215_2332_144bpi_20injV3
322168, 7123, 25ns_2556b_2544_2215_2332_144bpi_20injV3
322167, 7123, 25ns_2556b_2544_2215_2332_144bpi_20injV3
322165, 7123, 25ns_2556b_2544_2215_2332_144bpi_20injV3
322164, 7123, 25ns_2556b_2544_2215_2332_144bpi_20injV3
322163, 7123, 25ns_2556b_2544_2215_2332_144bpi_20injV3
322160, 7123, 25ns_2556b_2544_2215_2332_144bpi_20injV3
322152, 7123, 25ns_2556b_2544_2215_2332_144bpi_20injV3
322118, 7122, 25ns_2556b_2544_2215_2332_144bpi_20injV3
322113, 7122, 25ns_2556b_2544_2215_2332_144bpi_20injV3
322110, 7122, 25ns_2556b_2544_2215_2332_144bpi_20injV3
322109, 7120, 25ns_2556b_2544_2215_2332_144bpi_20injV3
322106, 7120, 25ns_2556b_2544_2215_2332_144bpi_20injV3
322104, 7120, 25ns_2556b_2544_2215_2332_144bpi_20injV3
322103, 7120, 25ns_2556b_2544_2215_2332_144bpi_20injV3
322101, 7120, 25ns_2556b_2544_2215_2332_144bpi_20injV3
322088, 7118, 25ns_2556b_2544_2215_2332_144bpi_20injV3
322079, 7118, 25ns_2556b_2544_2215_2332_144bpi_20injV3
322077, 7118, 25ns_2556b_2544_2215_2332_144bpi_20injV3
322075, 7118, 25ns_2556b_2544_2215_2332_144bpi_20injV3
322074, 7118, 25ns_2556b_2544_2215_2332_144bpi_20injV3
322073, 7118, 25ns_2556b_2544_2215_2332_144bpi_20injV3
322071, 7118, 25ns_2556b_2544_2215_2332_144bpi_20injV3
322068, 7117, 25ns_2556b_2544_2215_2332_144bpi_20injV3
322067, 7117, 25ns_2556b_2544_2215_2332_144bpi_20injV3
322058, 7114, 25ns_2556b_2544_2215_2332_144bpi_20injV3
322057, 7114, 25ns_2556b_2544_2215_2332_144bpi_20injV3
322056, 7114, 25ns_2556b_2544_2215_2332_144bpi_20injV3
322054, 7114, 25ns_2556b_2544_2215_2332_144bpi_20injV3
322040, 7112, 25ns_2556b_2544_2215_2332_144bpi_20injV3
322037, 7112, 25ns_2556b_2544_2215_2332_144bpi_20injV3
322022, 7110, 25ns_2556b_2544_2215_2332_144bpi_20injV3
322020, 7110, 25ns_2556b_2544_2215_2332_144bpi_20injV3
322018, 7110, 25ns_2556b_2544_2215_2332_144bpi_20injV3
322017, 7110, 25ns_2556b_2544_2215_2332_144bpi_20injV3
322016, 7110, 25ns_2556b_2544_2215_2332_144bpi_20injV3
322014, 7109, 25ns_2556b_2544_2215_2332_144bpi_20injV3
322013, 7109, 25ns_2556b_2544_2215_2332_144bpi_20injV3
322012, 7109, 25ns_2556b_2544_2215_2332_144bpi_20injV3
322010, 7109, 25ns_2556b_2544_2215_2332_144bpi_20injV3
321990, 7108, 25ns_2556b_2544_2215_2332_144bpi_20injV3
321988, 7108, 25ns_2556b_2544_2215_2332_144bpi_20injV3
321987, 7108, 25ns_2556b_2544_2215_2332_144bpi_20injV3
321986, 7108, 25ns_2556b_2544_2215_2332_144bpi_20injV3
321985, 7108, 25ns_2556b_2544_2215_2332_144bpi_20injV3
321984, 7108, 25ns_2556b_2544_2215_2332_144bpi_20injV3
321975, 7105, 25ns_2556b_2544_2215_2332_144bpi_20injV3
321973, 7105, 25ns_2556b_2544_2215_2332_144bpi_20injV3
321971, 7105, 25ns_2556b_2544_2215_2332_144bpi_20injV3
321961, 7101, 25ns_2556b_2544_2215_2332_144bpi_20injV3
321960, 7101, 25ns_2556b_2544_2215_2332_144bpi_20injV3
321959, 7101, 25ns_2556b_2544_2215_2332_144bpi_20injV3
321958, 7101, 25ns_2556b_2544_2215_2332_144bpi_20injV3
321956, 7101, 25ns_2556b_2544_2215_2332_144bpi_20injV3
321955, 7101, 25ns_2556b_2544_2215_2332_144bpi_20injV3
321952, 7101, 25ns_2556b_2544_2215_2332_144bpi_20injV3
321937, 7099, 25ns_2556b_2544_2215_2332_144bpi_20injV3
321933, 7099, 25ns_2556b_2544_2215_2332_144bpi_20injV3
321931, 7099, 25ns_2556b_2544_2215_2332_144bpi_20injV3
321930, 7099, 25ns_2556b_2544_2215_2332_144bpi_20injV3
321928, 7099, 25ns_2556b_2544_2215_2332_144bpi_20injV3
321919, 7098, 25ns_2556b_2544_2215_2332_144bpi_20injV3
321917, 7098, 25ns_2556b_2544_2215_2332_144bpi_20injV3
321913, 7098, 25ns_2556b_2544_2215_2332_144bpi_20injV3
321911, 7098, 25ns_2556b_2544_2215_2332_144bpi_20injV3
321909, 7097, 25ns_2556b_2544_2215_2332_144bpi_20injV3
321908, 7097, 25ns_2556b_2544_2215_2332_144bpi_20injV3
321906, 7097, 25ns_2556b_2544_2215_2332_144bpi_20injV3
321892, 7095, 25ns_2556b_2544_2215_2332_144bpi_20injV3
321889, 7095, 25ns_2556b_2544_2215_2332_144bpi_20injV3
321888, 7095, 25ns_2556b_2544_2215_2332_144bpi_20injV3
321887, 7095, 25ns_2556b_2544_2215_2332_144bpi_20injV3
321881, 7092, 25ns_2556b_2544_2215_2332_144bpi_20injV3
321880, 7092, 25ns_2556b_2544_2215_2332_144bpi_20injV3
321879, 7092, 25ns_2556b_2544_2215_2332_144bpi_20injV3
321877, 7092, 25ns_2556b_2544_2215_2332_144bpi_20injV3
321875, 7092, 25ns_2556b_2544_2215_2332_144bpi_20injV3
321872, 7092, 25ns_2556b_2544_2215_2332_144bpi_20injV3
321870, 7092, 25ns_2556b_2544_2215_2332_144bpi_20injV3
321869, 7092, 25ns_2556b_2544_2215_2332_144bpi_20injV3
321868, 7092, 25ns_2556b_2544_2215_2332_144bpi_20injV3
321865, 7092, 25ns_2556b_2544_2215_2332_144bpi_20injV3
321861, 7092, 25ns_2556b_2544_2215_2332_144bpi_20injV3
321857, 7092, 25ns_2556b_2544_2215_2332_144bpi_20injV3
321844, 7092, 25ns_2556b_2544_2215_2332_144bpi_20injV3
321841, 7092, 25ns_2556b_2544_2215_2332_144bpi_20injV3
321839, 7092, 25ns_2556b_2544_2215_2332_144bpi_20injV3
321837, 7091, 25ns_2556b_2544_2215_2332_144bpi_20injV3
321836, 7091, 25ns_2556b_2544_2215_2332_144bpi_20injV3
321834, 7091, 25ns_2556b_2544_2215_2332_144bpi_20injV3
321833, 7091, 25ns_2556b_2544_2215_2332_144bpi_20injV3
321832, 7091, 25ns_2556b_2544_2215_2332_144bpi_20injV3
321831, 7091, 25ns_2556b_2544_2215_2332_144bpi_20injV3
321827, 7091, 25ns_2556b_2544_2215_2332_144bpi_20injV3
321822, 7091, 25ns_2556b_2544_2215_2332_144bpi_20injV3
321820, 7090, 25ns_2556b_2544_2215_2332_144bpi_20injV3
321819, 7090, 25ns_2556b_2544_2215_2332_144bpi_20injV3
321818, 7090, 25ns_2556b_2544_2215_2332_144bpi_20injV3
321817, 7090, 25ns_2556b_2544_2215_2332_144bpi_20injV3
321816, 7090, 25ns_2556b_2544_2215_2332_144bpi_20injV3
321815, 7090, 25ns_2556b_2544_2215_2332_144bpi_20injV3
321813, 7090, 25ns_2556b_2544_2215_2332_144bpi_20injV3
321796, 7088, 25ns_2556b_2544_2215_2332_144bpi_20injV3
321795, 7088, 25ns_2556b_2544_2215_2332_144bpi_20injV3
321794, 7088, 25ns_2556b_2544_2215_2332_144bpi_20injV3
321789, 7088, 25ns_2556b_2544_2215_2332_144bpi_20injV3
321786, 7088, 25ns_2556b_2544_2215_2332_144bpi_20injV3
321782, 7088, 25ns_2556b_2544_2215_2332_144bpi_20injV3
321781, 7087, 25ns_2556b_2544_2215_2332_144bpi_20injV3
321780, 7087, 25ns_2556b_2544_2215_2332_144bpi_20injV3
321778, 7087, 25ns_2556b_2544_2215_2332_144bpi_20injV3
321777, 7087, 25ns_2556b_2544_2215_2332_144bpi_20injV3
321776, 7087, 25ns_2556b_2544_2215_2332_144bpi_20injV3
321775, 7087, 25ns_2556b_2544_2215_2332_144bpi_20injV3
321774, 7087, 25ns_2556b_2544_2215_2332_144bpi_20injV3
321773, 7087, 25ns_2556b_2544_2215_2332_144bpi_20injV3
321772, 7087, 25ns_2556b_2544_2215_2332_144bpi_20injV3
321760, 7083, 25ns_2556b_2544_2215_2332_144bpi_20injV3
321759, 7083, 25ns_2556b_2544_2215_2332_144bpi_20injV3
321758, 7083, 25ns_2556b_2544_2215_2332_144bpi_20injV3
321755, 7083, 25ns_2556b_2544_2215_2332_144bpi_20injV3
321754, 7083, 25ns_2556b_2544_2215_2332_144bpi_20injV3
321753, 7083, 25ns_2556b_2544_2215_2332_144bpi_20injV3
321735, 7080, 25ns_2556b_2544_2215_2332_144bpi_20injV3
321732, 7080, 25ns_2556b_2544_2215_2332_144bpi_20injV3
321731, 7080, 25ns_2556b_2544_2215_2332_144bpi_20injV3
321730, 7080, 25ns_2556b_2544_2215_2332_144bpi_20injV3
321729, 7080, 25ns_2556b_2544_2215_2332_144bpi_20injV3
321728, 7080, 25ns_2556b_2544_2215_2332_144bpi_20injV3
321726, 7080, 25ns_2556b_2544_2215_2332_144bpi_20injV3
321724, 7080, 25ns_2556b_2544_2215_2332_144bpi_20injV3
321712, 7078, 25ns_2556b_2544_2215_2332_144bpi_20injV3
321710, 7078, 25ns_2556b_2544_2215_2332_144bpi_20injV3
321709, 7078, 25ns_2556b_2544_2215_2332_144bpi_20injV3
321475, 7069, 25ns_2556b_2544_2215_2332_144bpi_20injV3
321461, 7065, 25ns_2556b_2544_2215_2332_144bpi_20injV3
321457, 7065, 25ns_2556b_2544_2215_2332_144bpi_20injV3
321455, 7065, 25ns_2556b_2544_2215_2332_144bpi_20injV3
321451, 7065, 25ns_2556b_2544_2215_2332_144bpi_20injV3
321436, 7063, 25ns_2556b_2544_2215_2332_144bpi_20injV3
321434, 7063, 25ns_2556b_2544_2215_2332_144bpi_20injV3
321433, 7063, 25ns_2556b_2544_2215_2332_144bpi_20injV3
321432, 7063, 25ns_2556b_2544_2215_2332_144bpi_20injV3
321431, 7063, 25ns_2556b_2544_2215_2332_144bpi_20injV3
321429, 7063, 25ns_2556b_2544_2215_2332_144bpi_20injV3
321428, 7063, 25ns_2556b_2544_2215_2332_144bpi_20injV3
321427, 7063, 25ns_2556b_2544_2215_2332_144bpi_20injV3
321415, 7061, 25ns_2556b_2544_2215_2332_144bpi_20injV3
321414, 7061, 25ns_2556b_2544_2215_2332_144bpi_20injV3
321413, 7061, 25ns_2556b_2544_2215_2332_144bpi_20injV3
321410, 7061, 25ns_2556b_2544_2215_2332_144bpi_20injV3
321409, 7061, 25ns_2556b_2544_2215_2332_144bpi_20injV3
321397, 7058, 25ns_2556b_2544_2215_2332_144bpi_20injV3
321396, 7058, 25ns_2556b_2544_2215_2332_144bpi_20injV3
321393, 7058, 25ns_2556b_2544_2215_2332_144bpi_20injV3
321391, 7058, 25ns_2556b_2544_2215_2332_144bpi_20injV3
321390, 7058, 25ns_2556b_2544_2215_2332_144bpi_20injV3
321389, 7058, 25ns_2556b_2544_2215_2332_144bpi_20injV3
321388, 7058, 25ns_2556b_2544_2215_2332_144bpi_20injV3
321387, 7058, 25ns_2556b_2544_2215_2332_144bpi_20injV3
321386, 7058, 25ns_2556b_2544_2215_2332_144bpi_20injV3
321385, 7058, 25ns_2556b_2544_2215_2332_144bpi_20injV3
321383, 7058, 25ns_2556b_2544_2215_2332_144bpi_20injV3
321382, 7058, 25ns_2556b_2544_2215_2332_144bpi_20injV3
321381, 7058, 25ns_2556b_2544_2215_2332_144bpi_20injV3
321380, 7058, 25ns_2556b_2544_2215_2332_144bpi_20injV3
321379, 7058, 25ns_2556b_2544_2215_2332_144bpi_20injV3
321378, 7058, 25ns_2556b_2544_2215_2332_144bpi_20injV3
321377, 7058, 25ns_2556b_2544_2215_2332_144bpi_20injV3
321375, 7058, 25ns_2556b_2544_2215_2332_144bpi_20injV3
321313, 7056, 25ns_2556b_2544_2215_2332_144bpi_20injV3
321312, 7056, 25ns_2556b_2544_2215_2332_144bpi_20injV3
321311, 7056, 25ns_2556b_2544_2215_2332_144bpi_20injV3
321310, 7056, 25ns_2556b_2544_2215_2332_144bpi_20injV3
321309, 7056, 25ns_2556b_2544_2215_2332_144bpi_20injV3
321305, 7056, 25ns_2556b_2544_2215_2332_144bpi_20injV3
321303, 7056, 25ns_2556b_2544_2215_2332_144bpi_20injV3
321301, 7056, 25ns_2556b_2544_2215_2332_144bpi_20injV3
321300, 7056, 25ns_2556b_2544_2215_2332_144bpi_20injV3
321297, 7056, 25ns_2556b_2544_2215_2332_144bpi_20injV3
321296, 7055, 25ns_2556b_2544_2215_2332_144bpi_20injV3
321295, 7055, 25ns_2556b_2544_2215_2332_144bpi_20injV3
321294, 7055, 25ns_2556b_2544_2215_2332_144bpi_20injV3
321283, 7055, 25ns_2556b_2544_2215_2332_144bpi_20injV3
321279, 7055, 25ns_2556b_2544_2215_2332_144bpi_20injV3
321276, 7055, 25ns_2556b_2544_2215_2332_144bpi_20injV3
321273, 7055, 25ns_2556b_2544_2215_2332_144bpi_20injV3
321269, 7055, 25ns_2556b_2544_2215_2332_144bpi_20injV3
321265, 7055, 25ns_2556b_2544_2215_2332_144bpi_20injV3
321264, 7055, 25ns_2556b_2544_2215_2332_144bpi_20injV3
321263, 7055, 25ns_2556b_2544_2215_2332_144bpi_20injV3
321262, 7054, 25ns_2556b_2544_2215_2332_144bpi_20injV3
321261, 7054, 25ns_2556b_2544_2215_2332_144bpi_20injV3
321260, 7054, 25ns_2556b_2544_2215_2332_144bpi_20injV3
321258, 7054, 25ns_2556b_2544_2215_2332_144bpi_20injV3
321256, 7054, 25ns_2556b_2544_2215_2332_144bpi_20injV3
321250, 7054, 25ns_2556b_2544_2215_2332_144bpi_20injV3
321249, 7054, 25ns_2556b_2544_2215_2332_144bpi_20injV3
321246, 7053, 25ns_2556b_2544_2215_2332_144bpi_20injV3
321240, 7053, 25ns_2556b_2544_2215_2332_144bpi_20injV3
321233, 7053, 25ns_2556b_2544_2215_2332_144bpi_20injV3
321232, 7053, 25ns_2556b_2544_2215_2332_144bpi_20injV3
321231, 7053, 25ns_2556b_2544_2215_2332_144bpi_20injV3
321230, 7053, 25ns_2556b_2544_2215_2332_144bpi_20injV3
321229, 7053, 25ns_2556b_2544_2215_2332_144bpi_20injV3
321228, 7053, 25ns_2556b_2544_2215_2332_144bpi_20injV3
321227, 7053, 25ns_2556b_2544_2215_2332_144bpi_20injV3
321226, 7053, 25ns_2556b_2544_2215_2332_144bpi_20injV3
321223, 7053, 25ns_2556b_2544_2215_2332_144bpi_20injV3
321222, 7053, 25ns_2556b_2544_2215_2332_144bpi_20injV3
321221, 7052, 25ns_2556b_2544_2215_2332_144bpi_20injV3
321219, 7052, 25ns_2556b_2544_2215_2332_144bpi_20injV3
321218, 7052, 25ns_2556b_2544_2215_2332_144bpi_20injV3
321181, 7048, 25ns_2556b_2544_2215_2332_144bpi_20injV3
321179, 7048, 25ns_2556b_2544_2215_2332_144bpi_20injV3
321178, 7048, 25ns_2556b_2544_2215_2332_144bpi_20injV3
321177, 7048, 25ns_2556b_2544_2215_2332_144bpi_20injV3
321175, 7048, 25ns_2556b_2544_2215_2332_144bpi_20injV3
321174, 7048, 25ns_2556b_2544_2215_2332_144bpi_20injV3
321171, 7048, 25ns_2556b_2544_2215_2332_144bpi_20injV3
321169, 7047, 25ns_2556b_2544_2215_2332_144bpi_20injV3
321167, 7047, 25ns_2556b_2544_2215_2332_144bpi_20injV3
321166, 7047, 25ns_2556b_2544_2215_2332_144bpi_20injV3
321165, 7047, 25ns_2556b_2544_2215_2332_144bpi_20injV3
321164, 7047, 25ns_2556b_2544_2215_2332_144bpi_20injV3
321162, 7047, 25ns_2556b_2544_2215_2332_144bpi_20injV3
321160, 7047, 25ns_2556b_2544_2215_2332_144bpi_20injV3
321157, 7047, 25ns_2556b_2544_2215_2332_144bpi_20injV3
321155, 7047, 25ns_2556b_2544_2215_2332_144bpi_20injV3
321149, 7045, 25ns_2556b_2544_2215_2332_144bpi_20injV3
321147, 7045, 25ns_2556b_2544_2215_2332_144bpi_20injV3
321146, 7045, 25ns_2556b_2544_2215_2332_144bpi_20injV3
321140, 7043, 25ns_2556b_2544_2215_2332_144bpi_20injV3
321138, 7043, 25ns_2556b_2544_2215_2332_144bpi_20injV3
321134, 7043, 25ns_2556b_2544_2215_2332_144bpi_20injV3
321132, 7043, 25ns_2556b_2544_2215_2332_144bpi_20injV3
321130, 7043, 25ns_2556b_2544_2215_2332_144bpi_20injV3
321128, 7043, 25ns_2556b_2544_2215_2332_144bpi_20injV3
321127, 7043, 25ns_2556b_2544_2215_2332_144bpi_20injV3
321126, 7042, 25ns_2556b_2544_2215_2332_144bpi_20injV3
321124, 7042, 25ns_2556b_2544_2215_2332_144bpi_20injV3
321123, 7042, 25ns_2556b_2544_2215_2332_144bpi_20injV3
321122, 7042, 25ns_2556b_2544_2215_2332_144bpi_20injV3
321121, 7042, 25ns_2556b_2544_2215_2332_144bpi_20injV3
321119, 7042, 25ns_2556b_2544_2215_2332_144bpi_20injV3
321117, 7042, 25ns_2556b_2544_2215_2332_144bpi_20injV3
321113, 7042, 25ns_2556b_2544_2215_2332_144bpi_20injV3
321109, 7042, 25ns_2556b_2544_2215_2332_144bpi_20injV3
321108, 7042, 25ns_2556b_2544_2215_2332_144bpi_20injV3
321107, 7042, 25ns_2556b_2544_2215_2332_144bpi_20injV3
321104, 7042, 25ns_2556b_2544_2215_2332_144bpi_20injV3
321101, 7042, 25ns_2556b_2544_2215_2332_144bpi_20injV3
321094, 7042, 25ns_2556b_2544_2215_2332_144bpi_20injV3
321091, 7042, 25ns_2556b_2544_2215_2332_144bpi_20injV3
321090, 7042, 25ns_2556b_2544_2215_2332_144bpi_20injV3
321089, 7042, 25ns_2556b_2544_2215_2332_144bpi_20injV3
321087, 7042, 25ns_2556b_2544_2215_2332_144bpi_20injV3
321086, 7042, 25ns_2556b_2544_2215_2332_144bpi_20injV3
321085, 7042, 25ns_2556b_2544_2215_2332_144bpi_20injV3
321069, 7040, 25ns_2556b_2544_2215_2332_144bpi_20injV3
321068, 7040, 25ns_2556b_2544_2215_2332_144bpi_20injV3
321067, 7040, 25ns_2556b_2544_2215_2332_144bpi_20injV3
321066, 7040, 25ns_2556b_2544_2215_2332_144bpi_20injV3
321063, 7040, 25ns_2556b_2544_2215_2332_144bpi_20injV3
321062, 7040, 25ns_2556b_2544_2215_2332_144bpi_20injV3
321061, 7040, 25ns_2556b_2544_2215_2332_144bpi_20injV3
321059, 7040, 25ns_2556b_2544_2215_2332_144bpi_20injV3
321058, 7040, 25ns_2556b_2544_2215_2332_144bpi_20injV3
321055, 7039, 25ns_2556b_2544_2215_2332_144bpi_20injV3
321051, 7039, 25ns_2556b_2544_2215_2332_144bpi_20injV3
321050, 7039, 25ns_2556b_2544_2215_2332_144bpi_20injV3
321012, 7037, 25ns_2556b_2544_2215_2332_144bpi_20injV3
321011, 7037, 25ns_2556b_2544_2215_2332_144bpi_20injV3
321010, 7037, 25ns_2556b_2544_2215_2332_144bpi_20injV3
321009, 7037, 25ns_2556b_2544_2215_2332_144bpi_20injV3
321007, 7037, 25ns_2556b_2544_2215_2332_144bpi_20injV3
321006, 7037, 25ns_2556b_2544_2215_2332_144bpi_20injV3
321005, 7037, 25ns_2556b_2544_2215_2332_144bpi_20injV3
321004, 7037, 25ns_2556b_2544_2215_2332_144bpi_20injV3
321002, 7037, 25ns_2556b_2544_2215_2332_144bpi_20injV3
320998, 7037, 25ns_2556b_2544_2215_2332_144bpi_20injV3
320996, 7036, 25ns_987b_974_878_917_144bpi_13inj
320995, 7036, 25ns_987b_974_878_917_144bpi_13inj
320994, 7036, 25ns_987b_974_878_917_144bpi_13inj
320993, 7036, 25ns_987b_974_878_917_144bpi_13inj
320991, 7036, 25ns_987b_974_878_917_144bpi_13inj
320985, 7036, 25ns_987b_974_878_917_144bpi_13inj
320984, 7036, 25ns_987b_974_878_917_144bpi_13inj
320983, 7036, 25ns_987b_974_878_917_144bpi_13inj
320980, 7035, 25ns_2556b_2544_2215_2332_144bpi_20injV3
320971, 7035, 25ns_2556b_2544_2215_2332_144bpi_20injV3
320941, 7033, 25ns_2556b_2544_2215_2332_144bpi_20injV3
320936, 7033, 25ns_2556b_2544_2215_2332_144bpi_20injV3
320934, 7033, 25ns_2556b_2544_2215_2332_144bpi_20injV3
320933, 7033, 25ns_2556b_2544_2215_2332_144bpi_20injV3
320920, 7031, 25ns_2556b_2544_2215_2332_144bpi_20injV3
320917, 7031, 25ns_2556b_2544_2215_2332_144bpi_20injV3
320916, 7031, 25ns_2556b_2544_2215_2332_144bpi_20injV3
320915, 7031, 25ns_2556b_2544_2215_2332_144bpi_20injV3
320914, 7031, 25ns_2556b_2544_2215_2332_144bpi_20injV3
320911, 7031, 25ns_2556b_2544_2215_2332_144bpi_20injV3
320908, 7031, 25ns_2556b_2544_2215_2332_144bpi_20injV3
320907, 7031, 25ns_2556b_2544_2215_2332_144bpi_20injV3
320888, 7026, 25ns_2556b_2544_2215_2332_144bpi_20injV3
320887, 7026, 25ns_2556b_2544_2215_2332_144bpi_20injV3
320884, 7026, 25ns_2556b_2544_2215_2332_144bpi_20injV3
320882, 7026, 25ns_2556b_2544_2215_2332_144bpi_20injV3
320881, 7026, 25ns_2556b_2544_2215_2332_144bpi_20injV3
320880, 7026, 25ns_2556b_2544_2215_2332_144bpi_20injV3
320875, 7026, 25ns_2556b_2544_2215_2332_144bpi_20injV3
320859, 7024, 25ns_2556b_2544_2215_2332_144bpi_20injV3
320858, 7024, 25ns_2556b_2544_2215_2332_144bpi_20injV3
320857, 7024, 25ns_2556b_2544_2215_2332_144bpi_20injV3
320856, 7024, 25ns_2556b_2544_2215_2332_144bpi_20injV3
320855, 7024, 25ns_2556b_2544_2215_2332_144bpi_20injV3
320854, 7024, 25ns_2556b_2544_2215_2332_144bpi_20injV3
320853, 7024, 25ns_2556b_2544_2215_2332_144bpi_20injV3
320841, 7020, 25ns_2556b_2544_2215_2332_144bpi_20injV3
320840, 7020, 25ns_2556b_2544_2215_2332_144bpi_20injV3
320839, 7020, 25ns_2556b_2544_2215_2332_144bpi_20injV3
320838, 7020, 25ns_2556b_2544_2215_2332_144bpi_20injV3
320824, 7018, 25ns_2556b_2544_2215_2332_144bpi_20injV3
320823, 7018, 25ns_2556b_2544_2215_2332_144bpi_20injV3
320822, 7018, 25ns_2556b_2544_2215_2332_144bpi_20injV3
320821, 7018, 25ns_2556b_2544_2215_2332_144bpi_20injV3
320818, 7018, 25ns_2556b_2544_2215_2332_144bpi_20injV3
320816, 7018, 25ns_2556b_2544_2215_2332_144bpi_20injV3
320815, 7018, 25ns_2556b_2544_2215_2332_144bpi_20injV3
320813, 7018, 25ns_2556b_2544_2215_2332_144bpi_20injV3
320811, 7018, 25ns_2556b_2544_2215_2332_144bpi_20injV3
320810, 7018, 25ns_2556b_2544_2215_2332_144bpi_20injV3
320809, 7017, 25ns_2556b_2544_2215_2332_144bpi_20injV3
320808, 7017, 25ns_2556b_2544_2215_2332_144bpi_20injV3
320807, 7017, 25ns_2556b_2544_2215_2332_144bpi_20injV3
320804, 7017, 25ns_2556b_2544_2215_2332_144bpi_20injV3
320801, 7017, 25ns_2556b_2544_2215_2332_144bpi_20injV3
320799, 7017, 25ns_2556b_2544_2215_2332_144bpi_20injV3
320757, 7013, 25ns_2556b_2544_2215_2332_144bpi_20injV3
320755, 7013, 25ns_2556b_2544_2215_2332_144bpi_20injV3
320754, 7013, 25ns_2556b_2544_2215_2332_144bpi_20injV3
320752, 7013, 25ns_2556b_2544_2215_2332_144bpi_20injV3
320751, 7013, 25ns_2556b_2544_2215_2332_144bpi_20injV3
320748, 7013, 25ns_2556b_2544_2215_2332_144bpi_20injV3
320746, 7013, 25ns_2556b_2544_2215_2332_144bpi_20injV3
320712, 7008, 25ns_2556b_2544_2215_2332_144bpi_20injV3
320709, 7008, 25ns_2556b_2544_2215_2332_144bpi_20injV3
320707, 7008, 25ns_2556b_2544_2215_2332_144bpi_20injV3
320705, 7008, 25ns_2556b_2544_2215_2332_144bpi_20injV3
320688, 7006, 25ns_2556b_2544_2215_2332_144bpi_20injV3
320686, 7006, 25ns_2556b_2544_2215_2332_144bpi_20injV3
320685, 7006, 25ns_2556b_2544_2215_2332_144bpi_20injV3
320682, 7006, 25ns_2556b_2544_2215_2332_144bpi_20injV3
320679, 7006, 25ns_2556b_2544_2215_2332_144bpi_20injV3
320678, 7006, 25ns_2556b_2544_2215_2332_144bpi_20injV3
320676, 7006, 25ns_2556b_2544_2215_2332_144bpi_20injV3
320675, 7005, 25ns_624b_612_376_472_36bpi_18inj
320674, 7005, 25ns_624b_612_376_472_36bpi_18inj
320673, 7005, 25ns_624b_612_376_472_36bpi_18inj
320671, 7005, 25ns_624b_612_376_472_36bpi_18inj
320670, 7005, 25ns_624b_612_376_472_36bpi_18inj
320669, 7005, 25ns_624b_612_376_472_36bpi_18inj
320667, 7005, 25ns_624b_612_376_472_36bpi_18inj
320666, 7005, 25ns_624b_612_376_472_36bpi_18inj
320660, 7003, Single_3b_2_2_2
320658, 7003, Single_3b_2_2_2
320657, 7003, Single_3b_2_2_2
320654, 7003, Single_3b_2_2_2
320623, 7003, Single_3b_2_2_2
320622, 7003, Single_3b_2_2_2
320617, 7003, Single_3b_2_2_2
320616, 7003, Single_3b_2_2_2
320614, 7003, Single_3b_2_2_2
320612, 7003, Single_3b_2_2_2
320608, 7003, Single_3b_2_2_2
320607, 7003, Single_3b_2_2_2
320605, 7003, Single_3b_2_2_2
320600, 7003, Single_3b_2_2_2
320597, 7003, Single_3b_2_2_2
320594, 7003, Single_3b_2_2_2
320593, 7003, Single_3b_2_2_2
320571, 7003, Single_3b_2_2_2
320570, 7003, Single_3b_2_2_2
320569, 7003, Single_3b_2_2_2
320567, 7003, Single_3b_2_2_2
320566, 7003, Single_3b_2_2_2
320565, 7003, Single_3b_2_2_2
320563, 7003, Single_3b_2_2_2
320500, 6998, Single_3b_1_1_1_1nc
320498, 6998, Single_3b_1_1_1_1nc
320497, 6998, Single_3b_1_1_1_1nc
320496, 6998, Single_3b_1_1_1_1nc
320494, 6998, Single_3b_1_1_1_1nc
320493, 6998, Single_3b_1_1_1_1nc
320492, 6998, Single_3b_1_1_1_1nc
320491, 6998, Single_3b_1_1_1_1nc
320490, 6998, Single_3b_1_1_1_1nc
320489, 6998, Single_3b_1_1_1_1nc
320137, 6966, MD3295_B1full_144bpi
320065, 6961, 25ns_2556b_2544_2215_2332_144bpi_20injV3
320064, 6961, 25ns_2556b_2544_2215_2332_144bpi_20injV3
320063, 6961, 25ns_2556b_2544_2215_2332_144bpi_20injV3
320062, 6961, 25ns_2556b_2544_2215_2332_144bpi_20injV3
320061, 6961, 25ns_2556b_2544_2215_2332_144bpi_20injV3
320060, 6961, 25ns_2556b_2544_2215_2332_144bpi_20injV3
320059, 6961, 25ns_2556b_2544_2215_2332_144bpi_20injV3
320058, 6961, 25ns_2556b_2544_2215_2332_144bpi_20injV3
320057, 6961, 25ns_2556b_2544_2215_2332_144bpi_20injV3
320055, 6961, 25ns_2556b_2544_2215_2332_144bpi_20injV3
320053, 6961, 25ns_2556b_2544_2215_2332_144bpi_20injV3
320051, 6961, 25ns_2556b_2544_2215_2332_144bpi_20injV3
320049, 6961, 25ns_2556b_2544_2215_2332_144bpi_20injV3
320046, 6961, 25ns_2556b_2544_2215_2332_144bpi_20injV3
320045, 6961, 25ns_2556b_2544_2215_2332_144bpi_20injV3
320042, 6961, 25ns_2556b_2544_2215_2332_144bpi_20injV3
320041, 6961, 25ns_2556b_2544_2215_2332_144bpi_20injV3
320040, 6960, 25ns_2556b_2544_2215_2332_144bpi_20injV3
320039, 6960, 25ns_2556b_2544_2215_2332_144bpi_20injV3
320038, 6960, 25ns_2556b_2544_2215_2332_144bpi_20injV3
320036, 6960, 25ns_2556b_2544_2215_2332_144bpi_20injV3
320035, 6960, 25ns_2556b_2544_2215_2332_144bpi_20injV3
320026, 6957, 25ns_2556b_2544_2215_2332_144bpi_20injV3
320025, 6957, 25ns_2556b_2544_2215_2332_144bpi_20injV3
320024, 6957, 25ns_2556b_2544_2215_2332_144bpi_20injV3
320023, 6957, 25ns_2556b_2544_2215_2332_144bpi_20injV3
320022, 6957, 25ns_2556b_2544_2215_2332_144bpi_20injV3
320021, 6957, 25ns_2556b_2544_2215_2332_144bpi_20injV3
320019, 6957, 25ns_2556b_2544_2215_2332_144bpi_20injV3
320018, 6957, 25ns_2556b_2544_2215_2332_144bpi_20injV3
320016, 6957, 25ns_2556b_2544_2215_2332_144bpi_20injV3
320015, 6957, 25ns_2556b_2544_2215_2332_144bpi_20injV3
320014, 6957, 25ns_2556b_2544_2215_2332_144bpi_20injV3
320012, 6956, 25ns_2556b_2544_2215_2332_144bpi_20injV3
320011, 6956, 25ns_2556b_2544_2215_2332_144bpi_20injV3
320010, 6956, 25ns_2556b_2544_2215_2332_144bpi_20injV3
320009, 6956, 25ns_2556b_2544_2215_2332_144bpi_20injV3
320008, 6956, 25ns_2556b_2544_2215_2332_144bpi_20injV3
320007, 6956, 25ns_2556b_2544_2215_2332_144bpi_20injV3
320006, 6956, 25ns_2556b_2544_2215_2332_144bpi_20injV3
320005, 6956, 25ns_2556b_2544_2215_2332_144bpi_20injV3
320004, 6956, 25ns_2556b_2544_2215_2332_144bpi_20injV3
320003, 6956, 25ns_2556b_2544_2215_2332_144bpi_20injV3
320002, 6956, 25ns_2556b_2544_2215_2332_144bpi_20injV3
320001, 6956, 25ns_2556b_2544_2215_2332_144bpi_20injV3
320000, 6956, 25ns_2556b_2544_2215_2332_144bpi_20injV3
319993, 6953, 25ns_2556b_2544_2215_2332_144bpi_20injV3
319992, 6953, 25ns_2556b_2544_2215_2332_144bpi_20injV3
319991, 6953, 25ns_2556b_2544_2215_2332_144bpi_20injV3
319990, 6953, 25ns_2556b_2544_2215_2332_144bpi_20injV3
319989, 6953, 25ns_2556b_2544_2215_2332_144bpi_20injV3
319988, 6953, 25ns_2556b_2544_2215_2332_144bpi_20injV3
319987, 6953, 25ns_2556b_2544_2215_2332_144bpi_20injV3
319986, 6953, 25ns_2556b_2544_2215_2332_144bpi_20injV3
319950, 6946, 25ns_2556b_2544_2215_2332_144bpi_20injV3
319948, 6946, 25ns_2556b_2544_2215_2332_144bpi_20injV3
319942, 6944, 25ns_2556b_2544_2215_2332_144bpi_20injV3
319941, 6944, 25ns_2556b_2544_2215_2332_144bpi_20injV3
319940, 6944, 25ns_2556b_2544_2215_2332_144bpi_20injV3
319938, 6944, 25ns_2556b_2544_2215_2332_144bpi_20injV3
319937, 6944, 25ns_2556b_2544_2215_2332_144bpi_20injV3
319935, 6944, 25ns_2556b_2544_2215_2332_144bpi_20injV3
319934, 6944, 25ns_2556b_2544_2215_2332_144bpi_20injV3
319915, 6942, 25ns_2556b_2544_2215_2332_144bpi_20injV3
319914, 6942, 25ns_2556b_2544_2215_2332_144bpi_20injV3
319913, 6942, 25ns_2556b_2544_2215_2332_144bpi_20injV3
319912, 6942, 25ns_2556b_2544_2215_2332_144bpi_20injV3
319910, 6942, 25ns_2556b_2544_2215_2332_144bpi_20injV3
319909, 6942, 25ns_2556b_2544_2215_2332_144bpi_20injV3
319908, 6942, 25ns_2556b_2544_2215_2332_144bpi_20injV3
319907, 6942, 25ns_2556b_2544_2215_2332_144bpi_20injV3
319904, 6942, 25ns_2556b_2544_2215_2332_144bpi_20injV3
319903, 6942, 25ns_2556b_2544_2215_2332_144bpi_20injV3
319902, 6942, 25ns_2556b_2544_2215_2332_144bpi_20injV3
319901, 6942, 25ns_2556b_2544_2215_2332_144bpi_20injV3
319898, 6942, 25ns_2556b_2544_2215_2332_144bpi_20injV3
319897, 6942, 25ns_2556b_2544_2215_2332_144bpi_20injV3
319896, 6942, 25ns_2556b_2544_2215_2332_144bpi_20injV3
319854, 6940, 25ns_2556b_2544_2215_2332_144bpi_20injV3
319853, 6940, 25ns_2556b_2544_2215_2332_144bpi_20injV3
319852, 6940, 25ns_2556b_2544_2215_2332_144bpi_20injV3
319851, 6940, 25ns_2556b_2544_2215_2332_144bpi_20injV3
319849, 6940, 25ns_2556b_2544_2215_2332_144bpi_20injV3
319848, 6940, 25ns_2556b_2544_2215_2332_144bpi_20injV3
319847, 6940, 25ns_2556b_2544_2215_2332_144bpi_20injV3
319844, 6940, 25ns_2556b_2544_2215_2332_144bpi_20injV3
319842, 6940, 25ns_2556b_2544_2215_2332_144bpi_20injV3
319841, 6939, 25ns_987b_974_878_917_144bpi_13inj
319840, 6939, 25ns_987b_974_878_917_144bpi_13inj
319838, 6939, 25ns_987b_974_878_917_144bpi_13inj
319837, 6939, 25ns_987b_974_878_917_144bpi_13inj
319835, 6939, 25ns_987b_974_878_917_144bpi_13inj
319756, 6931, 25ns_2556b_2544_2215_2332_144bpi_20injV3
319755, 6931, 25ns_2556b_2544_2215_2332_144bpi_20injV3
319754, 6931, 25ns_2556b_2544_2215_2332_144bpi_20injV3
319752, 6931, 25ns_2556b_2544_2215_2332_144bpi_20injV3
319698, 6929, 25ns_987b_974_878_917_144bpi_13inj
319697, 6929, 25ns_987b_974_878_917_144bpi_13inj
319696, 6929, 25ns_987b_974_878_917_144bpi_13inj
319695, 6929, 25ns_987b_974_878_917_144bpi_13inj
319693, 6929, 25ns_987b_974_878_917_144bpi_13inj
319687, 6927, 25ns_2556b_2544_2215_2332_144bpi_20injV3
319686, 6927, 25ns_2556b_2544_2215_2332_144bpi_20injV3
319685, 6927, 25ns_2556b_2544_2215_2332_144bpi_20injV3
319683, 6927, 25ns_2556b_2544_2215_2332_144bpi_20injV3
319682, 6927, 25ns_2556b_2544_2215_2332_144bpi_20injV3
319678, 6925, 25ns_2556b_2544_2215_2332_144bpi_20injV3
319675, 6925, 25ns_2556b_2544_2215_2332_144bpi_20injV3
319672, 6925, 25ns_2556b_2544_2215_2332_144bpi_20injV3
319670, 6925, 25ns_2556b_2544_2215_2332_144bpi_20injV3
319667, 6925, 25ns_2556b_2544_2215_2332_144bpi_20injV3
319666, 6925, 25ns_2556b_2544_2215_2332_144bpi_20injV3
319663, 6925, 25ns_2556b_2544_2215_2332_144bpi_20injV3
319661, 6925, 25ns_2556b_2544_2215_2332_144bpi_20injV3
319659, 6924, 25ns_2556b_2544_2215_2332_144bpi_20injV3
319658, 6924, 25ns_2556b_2544_2215_2332_144bpi_20injV3
319657, 6924, 25ns_2556b_2544_2215_2332_144bpi_20injV3
319656, 6924, 25ns_2556b_2544_2215_2332_144bpi_20injV3
319654, 6924, 25ns_2556b_2544_2215_2332_144bpi_20injV3
319651, 6924, 25ns_2556b_2544_2215_2332_144bpi_20injV3
319650, 6924, 25ns_2556b_2544_2215_2332_144bpi_20injV3
319649, 6924, 25ns_2556b_2544_2215_2332_144bpi_20injV3
319647, 6924, 25ns_2556b_2544_2215_2332_144bpi_20injV3
319645, 6923, 25ns_2556b_2544_2215_2332_144bpi_20injV3
319639, 6923, 25ns_2556b_2544_2215_2332_144bpi_20injV3
319637, 6923, 25ns_2556b_2544_2215_2332_144bpi_20injV3
319636, 6923, 25ns_2556b_2544_2215_2332_144bpi_20injV3
319625, 6921, 25ns_2556b_2544_2215_2332_144bpi_20injV3
319623, 6921, 25ns_2556b_2544_2215_2332_144bpi_20injV3
319622, 6921, 25ns_2556b_2544_2215_2332_144bpi_20injV3
319621, 6921, 25ns_2556b_2544_2215_2332_144bpi_20injV3
319620, 6921, 25ns_2556b_2544_2215_2332_144bpi_20injV3
319579, 6919, 25ns_2556b_2544_2215_2332_144bpi_20injV3
319578, 6919, 25ns_2556b_2544_2215_2332_144bpi_20injV3
319577, 6919, 25ns_2556b_2544_2215_2332_144bpi_20injV3
319576, 6919, 25ns_2556b_2544_2215_2332_144bpi_20injV3
319575, 6919, 25ns_2556b_2544_2215_2332_144bpi_20injV3
319559, 6913, Single_12b_9_1_5_BSRT_2018_pilot
319557, 6913, Single_12b_9_1_5_BSRT_2018_pilot
319554, 6913, Single_12b_9_1_5_BSRT_2018_pilot
319551, 6913, Single_12b_9_1_5_BSRT_2018_pilot
319550, 6913, Single_12b_9_1_5_BSRT_2018_pilot
319549, 6913, Single_12b_9_1_5_BSRT_2018_pilot
319548, 6913, Single_12b_9_1_5_BSRT_2018_pilot
319547, 6913, Single_12b_9_1_5_BSRT_2018_pilot
319546, 6913, Single_12b_9_1_5_BSRT_2018_pilot
319545, 6913, Single_12b_9_1_5_BSRT_2018_pilot
319544, 6913, Single_12b_9_1_5_BSRT_2018_pilot
319543, 6913, Single_12b_9_1_5_BSRT_2018_pilot
319538, 6913, Single_12b_9_1_5_BSRT_2018_pilot
319536, 6913, Single_12b_9_1_5_BSRT_2018_pilot
319533, 6913, Single_12b_9_1_5_BSRT_2018_pilot
319532, 6913, Single_12b_9_1_5_BSRT_2018_pilot
319530, 6912, 25ns_2556b_2544_2215_2332_144bpi_20injV3
319528, 6912, 25ns_2556b_2544_2215_2332_144bpi_20injV3
319527, 6912, 25ns_2556b_2544_2215_2332_144bpi_20injV3
319526, 6912, 25ns_2556b_2544_2215_2332_144bpi_20injV3
319525, 6912, 25ns_2556b_2544_2215_2332_144bpi_20injV3
319524, 6912, 25ns_2556b_2544_2215_2332_144bpi_20injV3
319523, 6912, 25ns_2556b_2544_2215_2332_144bpi_20injV3
319521, 6912, 25ns_2556b_2544_2215_2332_144bpi_20injV3
319518, 6912, 25ns_2556b_2544_2215_2332_144bpi_20injV3
319516, 6912, 25ns_2556b_2544_2215_2332_144bpi_20injV3
319515, 6912, 25ns_2556b_2544_2215_2332_144bpi_20injV3
319513, 6912, 25ns_2556b_2544_2215_2332_144bpi_20injV3
319509, 6912, 25ns_2556b_2544_2215_2332_144bpi_20injV3
319508, 6912, 25ns_2556b_2544_2215_2332_144bpi_20injV3
319507, 6912, 25ns_2556b_2544_2215_2332_144bpi_20injV3
319506, 6912, 25ns_2556b_2544_2215_2332_144bpi_20injV3
319503, 6911, 25ns_2556b_2544_2215_2332_144bpi_20injV3
319488, 6911, 25ns_2556b_2544_2215_2332_144bpi_20injV3
319486, 6911, 25ns_2556b_2544_2215_2332_144bpi_20injV3
319484, 6911, 25ns_2556b_2544_2215_2332_144bpi_20injV3
319483, 6911, 25ns_2556b_2544_2215_2332_144bpi_20injV3
319482, 6911, 25ns_2556b_2544_2215_2332_144bpi_20injV3
319472, 6909, 25ns_2556b_2544_2215_2332_144bpi_20injV3
319471, 6909, 25ns_2556b_2544_2215_2332_144bpi_20injV3
319470, 6909, 25ns_2556b_2544_2215_2332_144bpi_20injV3
319469, 6909, 25ns_2556b_2544_2215_2332_144bpi_20injV3
319468, 6909, 25ns_2556b_2544_2215_2332_144bpi_20injV3
319467, 6909, 25ns_2556b_2544_2215_2332_144bpi_20injV3
319466, 6909, 25ns_2556b_2544_2215_2332_144bpi_20injV3
319464, 6909, 25ns_2556b_2544_2215_2332_144bpi_20injV3
319463, 6909, 25ns_2556b_2544_2215_2332_144bpi_20injV3
319462, 6909, 25ns_2556b_2544_2215_2332_144bpi_20injV3
319460, 6909, 25ns_2556b_2544_2215_2332_144bpi_20injV3
319459, 6909, 25ns_2556b_2544_2215_2332_144bpi_20injV3
319456, 6909, 25ns_2556b_2544_2215_2332_144bpi_20injV3
319453, 6909, 25ns_2556b_2544_2215_2332_144bpi_20injV3
319452, 6909, 25ns_2556b_2544_2215_2332_144bpi_20injV3
319450, 6909, 25ns_2556b_2544_2215_2332_144bpi_20injV3
319449, 6909, 25ns_2556b_2544_2215_2332_144bpi_20injV3
319447, 6909, 25ns_2556b_2544_2215_2332_144bpi_20injV3
319445, 6909, 25ns_2556b_2544_2215_2332_144bpi_20injV3
319444, 6909, 25ns_2556b_2544_2215_2332_144bpi_20injV3
319442, 6909, 25ns_2556b_2544_2215_2332_144bpi_20injV3
319440, 6909, 25ns_2556b_2544_2215_2332_144bpi_20injV3
319439, 6909, 25ns_2556b_2544_2215_2332_144bpi_20injV3
319351, 6904, 25ns_2460b_2448_2052_2154_144bpi_19injv2
319349, 6904, 25ns_2460b_2448_2052_2154_144bpi_19injv2
319348, 6904, 25ns_2460b_2448_2052_2154_144bpi_19injv2
319347, 6904, 25ns_2460b_2448_2052_2154_144bpi_19injv2
319345, 6904, 25ns_2460b_2448_2052_2154_144bpi_19injv2
319344, 6904, 25ns_2460b_2448_2052_2154_144bpi_19injv2
319337, 6901, 25ns_987b_974_878_917_144bpi_13inj
319311, 6892, 50ns_1452b_1450_21_1128_144bpi_11inj
319310, 6892, 50ns_1452b_1450_21_1128_144bpi_11inj
319308, 6892, 50ns_1452b_1450_21_1128_144bpi_11inj
319307, 6892, 50ns_1452b_1450_21_1128_144bpi_11inj
319304, 6892, 50ns_1452b_1450_21_1128_144bpi_11inj
319303, 6892, 50ns_1452b_1450_21_1128_144bpi_11inj
319302, 6891, 50ns_1452b_1450_21_1128_144bpi_11inj
319300, 6891, 50ns_1452b_1450_21_1128_144bpi_11inj
319297, 6891, 50ns_1452b_1450_21_1128_144bpi_11inj
319295, 6891, 50ns_1452b_1450_21_1128_144bpi_11inj
319292, 6891, 50ns_1452b_1450_21_1128_144bpi_11inj
319289, 6891, 50ns_1452b_1450_21_1128_144bpi_11inj
319288, 6891, 50ns_1452b_1450_21_1128_144bpi_11inj
319286, 6891, 50ns_1452b_1450_21_1128_144bpi_11inj
319281, 6891, 50ns_1452b_1450_21_1128_144bpi_11inj
319280, 6891, 50ns_1452b_1450_21_1128_144bpi_11inj
319278, 6891, 50ns_1452b_1450_21_1128_144bpi_11inj
319276, 6891, 50ns_1452b_1450_21_1128_144bpi_11inj
319274, 6890, 50ns_1452b_1450_21_1128_144bpi_11inj
319273, 6890, 50ns_1452b_1450_21_1128_144bpi_11inj
319272, 6890, 50ns_1452b_1450_21_1128_144bpi_11inj
319271, 6890, 50ns_1452b_1450_21_1128_144bpi_11inj
319270, 6890, 50ns_1452b_1450_21_1128_144bpi_11inj
319268, 6890, 50ns_1452b_1450_21_1128_144bpi_11inj
319267, 6890, 50ns_1452b_1450_21_1128_144bpi_11inj
319266, 6890, 50ns_1452b_1450_21_1128_144bpi_11inj
319265, 6890, 50ns_1452b_1450_21_1128_144bpi_11inj
319264, 6890, 50ns_1452b_1450_21_1128_144bpi_11inj
319263, 6890, 50ns_1452b_1450_21_1128_144bpi_11inj
319262, 6890, 50ns_1452b_1450_21_1128_144bpi_11inj
319260, 6890, 50ns_1452b_1450_21_1128_144bpi_11inj
319256, 6890, 50ns_1452b_1450_21_1128_144bpi_11inj
319255, 6890, 50ns_1452b_1450_21_1128_144bpi_11inj
319254, 6890, 50ns_1452b_1450_21_1128_144bpi_11inj
319252, 6890, 50ns_1452b_1450_21_1128_144bpi_11inj
319250, 6890, 50ns_1452b_1450_21_1128_144bpi_11inj
319225, 6885, 50ns_734b_732_284_398_144bpi_11inj
319224, 6885, 50ns_734b_732_284_398_144bpi_11inj
319223, 6885, 50ns_734b_732_284_398_144bpi_11inj
319222, 6885, 50ns_734b_732_284_398_144bpi_11inj
319219, 6885, 50ns_734b_732_284_398_144bpi_11inj
319218, 6885, 50ns_734b_732_284_398_144bpi_11inj
319216, 6885, 50ns_734b_732_284_398_144bpi_11inj
319215, 6885, 50ns_734b_732_284_398_144bpi_11inj
319212, 6885, 50ns_734b_732_284_398_144bpi_11inj
319207, 6884, 50ns_302b_300_70_63_72bpi_7inj
319206, 6884, 50ns_302b_300_70_63_72bpi_7inj
319204, 6884, 50ns_302b_300_70_63_72bpi_7inj
319203, 6884, 50ns_302b_300_70_63_72bpi_7inj
319197, 6884, 50ns_302b_300_70_63_72bpi_7inj
319190, 6884, 50ns_302b_300_70_63_72bpi_7inj
319189, 6884, 50ns_302b_300_70_63_72bpi_7inj
319188, 6884, 50ns_302b_300_70_63_72bpi_7inj
319187, 6884, 50ns_302b_300_70_63_72bpi_7inj
319186, 6884, 50ns_302b_300_70_63_72bpi_7inj
319185, 6884, 50ns_302b_300_70_63_72bpi_7inj
319184, 6884, 50ns_302b_300_70_63_72bpi_7inj
319177, 6882, 100ns_734b_732_0_0_72bpi_13inj
319176, 6882, 100ns_734b_732_0_0_72bpi_13inj
319175, 6882, 100ns_734b_732_0_0_72bpi_13inj
319174, 6882, 100ns_734b_732_0_0_72bpi_13inj
319173, 6882, 100ns_734b_732_0_0_72bpi_13inj
319172, 6882, 100ns_734b_732_0_0_72bpi_13inj
319171, 6882, 100ns_734b_732_0_0_72bpi_13inj
319169, 6882, 100ns_734b_732_0_0_72bpi_13inj
319168, 6882, 100ns_734b_732_0_0_72bpi_13inj
319164, 6882, 100ns_734b_732_0_0_72bpi_13inj
319163, 6882, 100ns_734b_732_0_0_72bpi_13inj
319162, 6882, 100ns_734b_732_0_0_72bpi_13inj
319160, 6881, 100ns_734b_732_0_0_72bpi_13inj
319159, 6881, 100ns_734b_732_0_0_72bpi_13inj
319157, 6881, 100ns_734b_732_0_0_72bpi_13inj
319156, 6881, 100ns_734b_732_0_0_72bpi_13inj
319155, 6881, 100ns_734b_732_0_0_72bpi_13inj
319152, 6881, 100ns_734b_732_0_0_72bpi_13inj
319150, 6881, 100ns_734b_732_0_0_72bpi_13inj
319125, 6879, 100ns_302b_300_0_0_72bpi_7inj
319124, 6879, 100ns_302b_300_0_0_72bpi_7inj
319123, 6879, 100ns_302b_300_0_0_72bpi_7inj
319120, 6879, 100ns_302b_300_0_0_72bpi_7inj
319119, 6879, 100ns_302b_300_0_0_72bpi_7inj
319117, 6879, 100ns_302b_300_0_0_72bpi_7inj
319104, 6877, 100ns_86b_84_0_0_18bpi_7inj
319103, 6877, 100ns_86b_84_0_0_18bpi_7inj
319101, 6877, 100ns_86b_84_0_0_18bpi_7inj
319100, 6877, 100ns_86b_84_0_0_18bpi_7inj
319099, 6877, 100ns_86b_84_0_0_18bpi_7inj
319098, 6877, 100ns_86b_84_0_0_18bpi_7inj
319097, 6877, 100ns_86b_84_0_0_18bpi_7inj
319096, 6877, 100ns_86b_84_0_0_18bpi_7inj
319095, 6877, 100ns_86b_84_0_0_18bpi_7inj
319093, 6877, 100ns_86b_84_0_0_18bpi_7inj
319091, 6877, 100ns_86b_84_0_0_18bpi_7inj
319089, 6877, 100ns_86b_84_0_0_18bpi_7inj
319088, 6877, 100ns_86b_84_0_0_18bpi_7inj
319087, 6877, 100ns_86b_84_0_0_18bpi_7inj
319086, 6877, 100ns_86b_84_0_0_18bpi_7inj
319085, 6877, 100ns_86b_84_0_0_18bpi_7inj
319078, 6874, 25ns_2460b_2448_2052_2154_144bpi_19injv2
319077, 6874, 25ns_2460b_2448_2052_2154_144bpi_19injv2
319076, 6874, 25ns_2460b_2448_2052_2154_144bpi_19injv2
319075, 6874, 25ns_2460b_2448_2052_2154_144bpi_19injv2
319021, 6868, 525ns_140b_124_32_23_16bpi_11inj
319019, 6868, 525ns_140b_124_32_23_16bpi_11inj
319018, 6868, 525ns_140b_124_32_23_16bpi_11inj
319016, 6868, 525ns_140b_124_32_23_16bpi_11inj
319015, 6868, 525ns_140b_124_32_23_16bpi_11inj
319011, 6868, 525ns_140b_124_32_23_16bpi_11inj
319010, 6868, 525ns_140b_124_32_23_16bpi_11inj
319006, 6868, 525ns_140b_124_32_23_16bpi_11inj
318992, 6868, 525ns_140b_124_32_23_16bpi_11inj
318984, 6868, 525ns_140b_124_32_23_16bpi_11inj
318983, 6868, 525ns_140b_124_32_23_16bpi_11inj
318982, 6868, 525ns_140b_124_32_23_16bpi_11inj
318981, 6868, 525ns_140b_124_32_23_16bpi_11inj
318980, 6868, 525ns_140b_124_32_23_16bpi_11inj
318979, 6868, 525ns_140b_124_32_23_16bpi_11inj
318978, 6868, 525ns_140b_124_32_23_16bpi_11inj
318977, 6868, 525ns_140b_124_32_23_16bpi_11inj
318976, 6868, 525ns_140b_124_32_23_16bpi_11inj
318954, 6864, Multi_70b_58_20_22_4bpi_19inj
318953, 6864, Multi_70b_58_20_22_4bpi_19inj
318945, 6864, Multi_70b_58_20_22_4bpi_19inj
318944, 6864, Multi_70b_58_20_22_4bpi_19inj
318939, 6864, Multi_70b_58_20_22_4bpi_19inj
318937, 6864, Multi_70b_58_20_22_4bpi_19inj
318935, 6864, Multi_70b_58_20_22_4bpi_19inj
318930, 6864, Multi_70b_58_20_22_4bpi_19inj
318928, 6864, Multi_70b_58_20_22_4bpi_19inj
318927, 6864, Multi_70b_58_20_22_4bpi_19inj
318926, 6864, Multi_70b_58_20_22_4bpi_19inj
318925, 6864, Multi_70b_58_20_22_4bpi_19inj
318923, 6864, Multi_70b_58_20_22_4bpi_19inj
318922, 6864, Multi_70b_58_20_22_4bpi_19inj
318921, 6864, Multi_70b_58_20_22_4bpi_19inj
318918, 6864, Multi_70b_58_20_22_4bpi_19inj
318917, 6864, Multi_70b_58_20_22_4bpi_19inj
318916, 6864, Multi_70b_58_20_22_4bpi_19inj
318877, 6860, 25ns_2460b_2448_2052_2154_144bpi_19injv2
318876, 6860, 25ns_2460b_2448_2052_2154_144bpi_19injv2
318874, 6860, 25ns_2460b_2448_2052_2154_144bpi_19injv2
318872, 6860, 25ns_2460b_2448_2052_2154_144bpi_19injv2
318871, 6860, 25ns_2460b_2448_2052_2154_144bpi_19injv2
318869, 6860, 25ns_2460b_2448_2052_2154_144bpi_19injv2
318868, 6860, 25ns_2460b_2448_2052_2154_144bpi_19injv2
318866, 6860, 25ns_2460b_2448_2052_2154_144bpi_19injv2
318865, 6860, 25ns_2460b_2448_2052_2154_144bpi_19injv2
318828, 6858, 25ns_1227b_1214_1054_1102_144bpi_14inj
318827, 6858, 25ns_1227b_1214_1054_1102_144bpi_14inj
318821, 6854, 25ns_1227b_1214_1054_1102_144bpi_14inj
318820, 6854, 25ns_1227b_1214_1054_1102_144bpi_14inj
318819, 6854, 25ns_1227b_1214_1054_1102_144bpi_14inj
318817, 6854, 25ns_1227b_1214_1054_1102_144bpi_14inj
318816, 6854, 25ns_1227b_1214_1054_1102_144bpi_14inj
318815, 6854, 25ns_1227b_1214_1054_1102_144bpi_14inj
318813, 6854, 25ns_1227b_1214_1054_1102_144bpi_14inj
318812, 6854, 25ns_1227b_1214_1054_1102_144bpi_14inj
318811, 6854, 25ns_1227b_1214_1054_1102_144bpi_14inj
318810, 6854, 25ns_1227b_1214_1054_1102_144bpi_14inj
318808, 6854, 25ns_1227b_1214_1054_1102_144bpi_14inj
318806, 6854, 25ns_1227b_1214_1054_1102_144bpi_14inj
318735, 6850, 25ns_603b_590_524_542_48bpi_17inj
318734, 6850, 25ns_603b_590_524_542_48bpi_17inj
318733, 6850, 25ns_603b_590_524_542_48bpi_17inj
318714, 6850, 25ns_603b_590_524_542_48bpi_17inj
318712, 6850, 25ns_603b_590_524_542_48bpi_17inj
318711, 6850, 25ns_603b_590_524_542_48bpi_17inj
318710, 6850, 25ns_603b_590_524_542_48bpi_17inj
318706, 6850, 25ns_603b_590_524_542_48bpi_17inj
318675, 6847, Multi_525ns_140b_140_75_16_8bpi_19inj
318670, 6847, Multi_525ns_140b_140_75_16_8bpi_19inj
318669, 6847, Multi_525ns_140b_140_75_16_8bpi_19inj
318667, 6847, Multi_525ns_140b_140_75_16_8bpi_19inj
318663, 6847, Multi_525ns_140b_140_75_16_8bpi_19inj
318662, 6847, Multi_525ns_140b_140_75_16_8bpi_19inj
318661, 6847, Multi_525ns_140b_140_75_16_8bpi_19inj
318659, 6847, Multi_525ns_140b_140_75_16_8bpi_19inj
318658, 6847, Multi_525ns_140b_140_75_16_8bpi_19inj
318653, 6847, Multi_525ns_140b_140_75_16_8bpi_19inj
318651, 6847, Multi_525ns_140b_140_75_16_8bpi_19inj
318650, 6847, Multi_525ns_140b_140_75_16_8bpi_19inj
318649, 6847, Multi_525ns_140b_140_75_16_8bpi_19inj
318632, 6843, Single_3b_2_2_2
318622, 6843, Single_3b_2_2_2
317697, 6778, 25ns_2556b_2544_2215_2332_144bpi_20injV3
317696, 6778, 25ns_2556b_2544_2215_2332_144bpi_20injV3
317694, 6778, 25ns_2556b_2544_2215_2332_144bpi_20injV3
317693, 6778, 25ns_2556b_2544_2215_2332_144bpi_20injV3
317692, 6778, 25ns_2556b_2544_2215_2332_144bpi_20injV3
317691, 6778, 25ns_2556b_2544_2215_2332_144bpi_20injV3
317690, 6778, 25ns_2556b_2544_2215_2332_144bpi_20injV3
317688, 6778, 25ns_2556b_2544_2215_2332_144bpi_20injV3
317683, 6776, 25ns_2556b_2544_2215_2332_144bpi_20injV3
317682, 6776, 25ns_2556b_2544_2215_2332_144bpi_20injV3
317663, 6774, 25ns_2556b_2544_2215_2332_144bpi_20injV3
317661, 6774, 25ns_2556b_2544_2215_2332_144bpi_20injV3
317660, 6774, 25ns_2556b_2544_2215_2332_144bpi_20injV3
317657, 6774, 25ns_2556b_2544_2215_2332_144bpi_20injV3
317653, 6774, 25ns_2556b_2544_2215_2332_144bpi_20injV3
317650, 6773, 25ns_2556b_2544_2215_2332_144bpi_20injV3
317649, 6773, 25ns_2556b_2544_2215_2332_144bpi_20injV3
317648, 6773, 25ns_2556b_2544_2215_2332_144bpi_20injV3
317647, 6773, 25ns_2556b_2544_2215_2332_144bpi_20injV3
317646, 6773, 25ns_2556b_2544_2215_2332_144bpi_20injV3
317645, 6773, 25ns_2556b_2544_2215_2332_144bpi_20injV3
317643, 6773, 25ns_2556b_2544_2215_2332_144bpi_20injV3
317642, 6773, 25ns_2556b_2544_2215_2332_144bpi_20injV3
317641, 6772, 25ns_2556b_2544_2215_2332_144bpi_20injV3
317640, 6772, 25ns_2556b_2544_2215_2332_144bpi_20injV3
317639, 6772, 25ns_2556b_2544_2215_2332_144bpi_20injV3
317638, 6772, 25ns_2556b_2544_2215_2332_144bpi_20injV3
317637, 6772, 25ns_2556b_2544_2215_2332_144bpi_20injV3
317635, 6772, 25ns_2556b_2544_2215_2332_144bpi_20injV3
317634, 6772, 25ns_2556b_2544_2215_2332_144bpi_20injV3
317626, 6770, 25ns_2556b_2544_2215_2332_144bpi_20injV3
317625, 6770, 25ns_2556b_2544_2215_2332_144bpi_20injV3
317624, 6770, 25ns_2556b_2544_2215_2332_144bpi_20injV3
317623, 6770, 25ns_2556b_2544_2215_2332_144bpi_20injV3
317622, 6770, 25ns_2556b_2544_2215_2332_144bpi_20injV3
317620, 6770, 25ns_2556b_2544_2215_2332_144bpi_20injV3
317595, 6768, 25ns_2556b_2544_2215_2332_144bpi_20injV2
317592, 6768, 25ns_2556b_2544_2215_2332_144bpi_20injV2
317591, 6768, 25ns_2556b_2544_2215_2332_144bpi_20injV2
317590, 6768, 25ns_2556b_2544_2215_2332_144bpi_20injV2
317589, 6768, 25ns_2556b_2544_2215_2332_144bpi_20injV2
317527, 6763, 25ns_2556b_2544_2215_2332_144bpi_20injV2
317526, 6763, 25ns_2556b_2544_2215_2332_144bpi_20injV2
317525, 6763, 25ns_2556b_2544_2215_2332_144bpi_20injV2
317523, 6763, 25ns_2556b_2544_2215_2332_144bpi_20injV2
317520, 6763, 25ns_2556b_2544_2215_2332_144bpi_20injV2
317513, 6762, 25ns_2556b_2544_2215_2332_144bpi_20injV2
317512, 6762, 25ns_2556b_2544_2215_2332_144bpi_20injV2
317511, 6762, 25ns_2556b_2544_2215_2332_144bpi_20injV2
317510, 6762, 25ns_2556b_2544_2215_2332_144bpi_20injV2
317509, 6762, 25ns_2556b_2544_2215_2332_144bpi_20injV2
317508, 6762, 25ns_2556b_2544_2215_2332_144bpi_20injV2
317507, 6762, 25ns_2556b_2544_2215_2332_144bpi_20injV2
317506, 6762, 25ns_2556b_2544_2215_2332_144bpi_20injV2
317505, 6762, 25ns_2556b_2544_2215_2332_144bpi_20injV2
317503, 6762, 25ns_2556b_2544_2215_2332_144bpi_20injV2
317501, 6762, 25ns_2556b_2544_2215_2332_144bpi_20injV2
317499, 6762, 25ns_2556b_2544_2215_2332_144bpi_20injV2
317498, 6762, 25ns_2556b_2544_2215_2332_144bpi_20injV2
317497, 6762, 25ns_2556b_2544_2215_2332_144bpi_20injV2
317496, 6762, 25ns_2556b_2544_2215_2332_144bpi_20injV2
317495, 6762, 25ns_2556b_2544_2215_2332_144bpi_20injV2
317494, 6762, 25ns_2556b_2544_2215_2332_144bpi_20injV2
317493, 6762, 25ns_2556b_2544_2215_2332_144bpi_20injV2
317491, 6762, 25ns_2556b_2544_2215_2332_144bpi_20injV2
317489, 6762, 25ns_2556b_2544_2215_2332_144bpi_20injV2
317488, 6761, 25ns_2556b_2544_2215_2332_144bpi_20injV2
317484, 6761, 25ns_2556b_2544_2215_2332_144bpi_20injV2
317482, 6761, 25ns_2556b_2544_2215_2332_144bpi_20injV2
317481, 6761, 25ns_2556b_2544_2215_2332_144bpi_20injV2
317480, 6761, 25ns_2556b_2544_2215_2332_144bpi_20injV2
317479, 6761, 25ns_2556b_2544_2215_2332_144bpi_20injV2
317478, 6761, 25ns_2556b_2544_2215_2332_144bpi_20injV2
317475, 6761, 25ns_2556b_2544_2215_2332_144bpi_20injV2
317473, 6761, 25ns_2556b_2544_2215_2332_144bpi_20injV2
317472, 6761, 25ns_2556b_2544_2215_2332_144bpi_20injV2
317469, 6761, 25ns_2556b_2544_2215_2332_144bpi_20injV2
317466, 6761, 25ns_2556b_2544_2215_2332_144bpi_20injV2
317464, 6761, 25ns_2556b_2544_2215_2332_144bpi_20injV2
317438, 6759, 25ns_2556b_2544_2215_2332_144bpi_20injV2
317435, 6759, 25ns_2556b_2544_2215_2332_144bpi_20injV2
317434, 6759, 25ns_2556b_2544_2215_2332_144bpi_20injV2
317433, 6759, 25ns_2556b_2544_2215_2332_144bpi_20injV2
317430, 6759, 25ns_2556b_2544_2215_2332_144bpi_20injV2
317429, 6759, 25ns_2556b_2544_2215_2332_144bpi_20injV2
317428, 6759, 25ns_2556b_2544_2215_2332_144bpi_20injV2
317392, 6757, 25ns_2556b_2544_2215_2332_144bpi_20injV2
317391, 6757, 25ns_2556b_2544_2215_2332_144bpi_20injV2
317390, 6757, 25ns_2556b_2544_2215_2332_144bpi_20injV2
317389, 6757, 25ns_2556b_2544_2215_2332_144bpi_20injV2
317388, 6757, 25ns_2556b_2544_2215_2332_144bpi_20injV2
317383, 6755, 25ns_2556b_2544_2215_2332_144bpi_20injV2
317382, 6755, 25ns_2556b_2544_2215_2332_144bpi_20injV2
317381, 6755, 25ns_2556b_2544_2215_2332_144bpi_20injV2
317379, 6755, 25ns_2556b_2544_2215_2332_144bpi_20injV2
317378, 6755, 25ns_2556b_2544_2215_2332_144bpi_20injV2
317377, 6755, 25ns_2556b_2544_2215_2332_144bpi_20injV2
317376, 6755, 25ns_2556b_2544_2215_2332_144bpi_20injV2
317375, 6755, 25ns_2556b_2544_2215_2332_144bpi_20injV2
317340, 6752, 25ns_2556b_2544_2215_2332_144bpi_20injV2
317339, 6752, 25ns_2556b_2544_2215_2332_144bpi_20injV2
317338, 6752, 25ns_2556b_2544_2215_2332_144bpi_20injV2
317335, 6752, 25ns_2556b_2544_2215_2332_144bpi_20injV2
317334, 6752, 25ns_2556b_2544_2215_2332_144bpi_20injV2
317333, 6752, 25ns_2556b_2544_2215_2332_144bpi_20injV2
317331, 6752, 25ns_2556b_2544_2215_2332_144bpi_20injV2
317328, 6752, 25ns_2556b_2544_2215_2332_144bpi_20injV2
317325, 6752, 25ns_2556b_2544_2215_2332_144bpi_20injV2
317323, 6752, 25ns_2556b_2544_2215_2332_144bpi_20injV2
317322, 6752, 25ns_2556b_2544_2215_2332_144bpi_20injV2
317320, 6751, 25ns_2556b_2544_2215_2332_144bpi_20injV2
317319, 6751, 25ns_2556b_2544_2215_2332_144bpi_20injV2
317317, 6751, 25ns_2556b_2544_2215_2332_144bpi_20injV2
317315, 6751, 25ns_2556b_2544_2215_2332_144bpi_20injV2
317297, 6749, 25ns_2556b_2544_2215_2332_144bpi_20injV2
317296, 6749, 25ns_2556b_2544_2215_2332_144bpi_20injV2
317295, 6749, 25ns_2556b_2544_2215_2332_144bpi_20injV2
317292, 6749, 25ns_2556b_2544_2215_2332_144bpi_20injV2
317291, 6749, 25ns_2556b_2544_2215_2332_144bpi_20injV2
317290, 6749, 25ns_2556b_2544_2215_2332_144bpi_20injV2
317289, 6749, 25ns_2556b_2544_2215_2332_144bpi_20injV2
317288, 6749, 25ns_2556b_2544_2215_2332_144bpi_20injV2
317279, 6747, 25ns_987b_974_878_917_144bpi_13inj
317278, 6747, 25ns_987b_974_878_917_144bpi_13inj
317276, 6747, 25ns_987b_974_878_917_144bpi_13inj
317275, 6747, 25ns_987b_974_878_917_144bpi_13inj
317272, 6747, 25ns_987b_974_878_917_144bpi_13inj
317270, 6747, 25ns_987b_974_878_917_144bpi_13inj
317267, 6747, 25ns_987b_974_878_917_144bpi_13inj
317265, 6747, 25ns_987b_974_878_917_144bpi_13inj
317215, 6744, 25ns_2556b_2544_2215_2332_144bpi_20injV2
317213, 6744, 25ns_2556b_2544_2215_2332_144bpi_20injV2
317212, 6744, 25ns_2556b_2544_2215_2332_144bpi_20injV2
317210, 6744, 25ns_2556b_2544_2215_2332_144bpi_20injV2
317209, 6744, 25ns_2556b_2544_2215_2332_144bpi_20injV2
317182, 6741, 25ns_2556b_2544_2215_2332_144bpi_20injV2
317181, 6741, 25ns_2556b_2544_2215_2332_144bpi_20injV2
317180, 6741, 25ns_2556b_2544_2215_2332_144bpi_20injV2
317179, 6741, 25ns_2556b_2544_2215_2332_144bpi_20injV2
317177, 6741, 25ns_2556b_2544_2215_2332_144bpi_20injV2
317176, 6741, 25ns_2556b_2544_2215_2332_144bpi_20injV2
317172, 6741, 25ns_2556b_2544_2215_2332_144bpi_20injV2
317170, 6740, 25ns_2556b_2544_2215_2332_144bpi_20injV2
317169, 6740, 25ns_2556b_2544_2215_2332_144bpi_20injV2
317168, 6740, 25ns_2556b_2544_2215_2332_144bpi_20injV2
317166, 6740, 25ns_2556b_2544_2215_2332_144bpi_20injV2
317165, 6740, 25ns_2556b_2544_2215_2332_144bpi_20injV2
317164, 6740, 25ns_2556b_2544_2215_2332_144bpi_20injV2
317163, 6740, 25ns_2556b_2544_2215_2332_144bpi_20injV2
317162, 6740, 25ns_2556b_2544_2215_2332_144bpi_20injV2
317161, 6740, 25ns_2556b_2544_2215_2332_144bpi_20injV2
317160, 6740, 25ns_2556b_2544_2215_2332_144bpi_20injV2
317089, 6738, 25ns_2556b_2544_2215_2332_144bpi_20injV2
317088, 6738, 25ns_2556b_2544_2215_2332_144bpi_20injV2
317087, 6738, 25ns_2556b_2544_2215_2332_144bpi_20injV2
317086, 6738, 25ns_2556b_2544_2215_2332_144bpi_20injV2
317085, 6738, 25ns_2556b_2544_2215_2332_144bpi_20injV2
317084, 6738, 25ns_2556b_2544_2215_2332_144bpi_20injV2
317083, 6738, 25ns_2556b_2544_2215_2332_144bpi_20injV2
317080, 6737, 25ns_2556b_2544_2215_2332_144bpi_20injV2
317078, 6737, 25ns_2556b_2544_2215_2332_144bpi_20injV2
317077, 6737, 25ns_2556b_2544_2215_2332_144bpi_20injV2
317076, 6737, 25ns_2556b_2544_2215_2332_144bpi_20injV2
317075, 6737, 25ns_2556b_2544_2215_2332_144bpi_20injV2
317074, 6737, 25ns_2556b_2544_2215_2332_144bpi_20injV2
317073, 6737, 25ns_2556b_2544_2215_2332_144bpi_20injV2
317072, 6737, 25ns_2556b_2544_2215_2332_144bpi_20injV2
317071, 6737, 25ns_2556b_2544_2215_2332_144bpi_20injV2
317070, 6737, 25ns_2556b_2544_2215_2332_144bpi_20injV2
317069, 6737, 25ns_2556b_2544_2215_2332_144bpi_20injV2
317068, 6737, 25ns_2556b_2544_2215_2332_144bpi_20injV2
317067, 6737, 25ns_2556b_2544_2215_2332_144bpi_20injV2
317066, 6737, 25ns_2556b_2544_2215_2332_144bpi_20injV2
317065, 6737, 25ns_2556b_2544_2215_2332_144bpi_20injV2
317064, 6737, 25ns_2556b_2544_2215_2332_144bpi_20injV2
316995, 6733, 25ns_2556b_2544_2215_2332_144bpi_20injV2
316994, 6733, 25ns_2556b_2544_2215_2332_144bpi_20injV2
316993, 6733, 25ns_2556b_2544_2215_2332_144bpi_20injV2
316991, 6733, 25ns_2556b_2544_2215_2332_144bpi_20injV2
316985, 6731, 25ns_2556b_2544_2215_2332_144bpi_20injV2
316984, 6731, 25ns_2556b_2544_2215_2332_144bpi_20injV2
316983, 6731, 25ns_2556b_2544_2215_2332_144bpi_20injV2
316982, 6731, 25ns_2556b_2544_2215_2332_144bpi_20injV2
316981, 6731, 25ns_2556b_2544_2215_2332_144bpi_20injV2
316979, 6731, 25ns_2556b_2544_2215_2332_144bpi_20injV2
316944, 6729, 25ns_2556b_2544_2215_2332_144bpi_20injV2
316943, 6729, 25ns_2556b_2544_2215_2332_144bpi_20injV2
316928, 6724, 25ns_2556b_2544_2215_2332_144bpi_20injV2
316926, 6724, 25ns_2556b_2544_2215_2332_144bpi_20injV2
316917, 6724, 25ns_2556b_2544_2215_2332_144bpi_20injV2
316879, 6719, 25ns_2556b_2544_2215_2332_144bpi_20injV2
316878, 6719, 25ns_2556b_2544_2215_2332_144bpi_20injV2
316877, 6719, 25ns_2556b_2544_2215_2332_144bpi_20injV2
316876, 6719, 25ns_2556b_2544_2215_2332_144bpi_20injV2
316873, 6719, 25ns_2556b_2544_2215_2332_144bpi_20injV2
316871, 6719, 25ns_2556b_2544_2215_2332_144bpi_20injV2
316869, 6719, 25ns_2556b_2544_2215_2332_144bpi_20injV2
316766, 6714, 25ns_2556b_2544_2215_2332_144bpi_20injV2
316758, 6712, 25ns_2556b_2544_2215_2332_144bpi_20injV2
316757, 6712, 25ns_2556b_2544_2215_2332_144bpi_20injV2
316753, 6712, 25ns_2556b_2544_2215_2332_144bpi_20injV2
316752, 6712, 25ns_2556b_2544_2215_2332_144bpi_20injV2
316751, 6712, 25ns_2556b_2544_2215_2332_144bpi_20injV2
316750, 6712, 25ns_2556b_2544_2215_2332_144bpi_20injV2
316749, 6712, 25ns_2556b_2544_2215_2332_144bpi_20injV2
316746, 6712, 25ns_2556b_2544_2215_2332_144bpi_20injV2
316745, 6712, 25ns_2556b_2544_2215_2332_144bpi_20injV2
316740, 6712, 25ns_2556b_2544_2215_2332_144bpi_20injV2
316723, 6711, 25ns_2556b_2544_2215_2332_144bpi_20injV2
316722, 6711, 25ns_2556b_2544_2215_2332_144bpi_20injV2
316721, 6711, 25ns_2556b_2544_2215_2332_144bpi_20injV2
316720, 6711, 25ns_2556b_2544_2215_2332_144bpi_20injV2
316719, 6711, 25ns_2556b_2544_2215_2332_144bpi_20injV2
316718, 6711, 25ns_2556b_2544_2215_2332_144bpi_20injV2
316717, 6711, 25ns_2556b_2544_2215_2332_144bpi_20injV2
316716, 6711, 25ns_2556b_2544_2215_2332_144bpi_20injV2
316715, 6711, 25ns_2556b_2544_2215_2332_144bpi_20injV2
316714, 6711, 25ns_2556b_2544_2215_2332_144bpi_20injV2
316713, 6711, 25ns_2556b_2544_2215_2332_144bpi_20injV2
316710, 6711, 25ns_2556b_2544_2215_2332_144bpi_20injV2
316709, 6711, 25ns_2556b_2544_2215_2332_144bpi_20injV2
316707, 6711, 25ns_2556b_2544_2215_2332_144bpi_20injV2
316706, 6711, 25ns_2556b_2544_2215_2332_144bpi_20injV2
316705, 6711, 25ns_2556b_2544_2215_2332_144bpi_20injV2
316704, 6711, 25ns_2556b_2544_2215_2332_144bpi_20injV2
316702, 6710, 25ns_2556b_2544_2215_2332_144bpi_20injV2
316701, 6710, 25ns_2556b_2544_2215_2332_144bpi_20injV2
316700, 6710, 25ns_2556b_2544_2215_2332_144bpi_20injV2
316699, 6710, 25ns_2556b_2544_2215_2332_144bpi_20injV2
316696, 6710, 25ns_2556b_2544_2215_2332_144bpi_20injV2
316693, 6710, 25ns_2556b_2544_2215_2332_144bpi_20injV2
316688, 6710, 25ns_2556b_2544_2215_2332_144bpi_20injV2
316686, 6710, 25ns_2556b_2544_2215_2332_144bpi_20injV2
316685, 6710, 25ns_2556b_2544_2215_2332_144bpi_20injV2
316683, 6710, 25ns_2556b_2544_2215_2332_144bpi_20injV2
316678, 6710, 25ns_2556b_2544_2215_2332_144bpi_20injV2
316676, 6710, 25ns_2556b_2544_2215_2332_144bpi_20injV2
316674, 6710, 25ns_2556b_2544_2215_2332_144bpi_20injV2
316668, 6710, 25ns_2556b_2544_2215_2332_144bpi_20injV2
316667, 6709, 25ns_2556b_2544_2215_2332_144bpi_20injV2
316666, 6709, 25ns_2556b_2544_2215_2332_144bpi_20injV2
316665, 6709, 25ns_2556b_2544_2215_2332_144bpi_20injV2
316664, 6709, 25ns_2556b_2544_2215_2332_144bpi_20injV2
316658, 6709, 25ns_2556b_2544_2215_2332_144bpi_20injV2
316657, 6709, 25ns_2556b_2544_2215_2332_144bpi_20injV2
316615, 6706, 25ns_987b_974_878_917_144bpi_13inj
316614, 6706, 25ns_987b_974_878_917_144bpi_13inj
316613, 6706, 25ns_987b_974_878_917_144bpi_13inj
316612, 6706, 25ns_987b_974_878_917_144bpi_13inj
316611, 6706, 25ns_987b_974_878_917_144bpi_13inj
316610, 6706, 25ns_987b_974_878_917_144bpi_13inj
316590, 6702, 25ns_2556b_2544_2215_2332_144bpi_20injV2
316589, 6702, 25ns_2556b_2544_2215_2332_144bpi_20injV2
316588, 6702, 25ns_2556b_2544_2215_2332_144bpi_20injV2
316569, 6700, 25ns_2556b_2544_2215_2332_144bpi_20injV2
316568, 6700, 25ns_2556b_2544_2215_2332_144bpi_20injV2
316566, 6700, 25ns_2556b_2544_2215_2332_144bpi_20injV2
316565, 6700, 25ns_2556b_2544_2215_2332_144bpi_20injV2
316564, 6700, 25ns_2556b_2544_2215_2332_144bpi_20injV2
316562, 6700, 25ns_2556b_2544_2215_2332_144bpi_20injV2
316559, 6699, Single_10b_9_2_2_BSRT_Calib_pilot
316556, 6699, Single_10b_9_2_2_BSRT_Calib_pilot
316555, 6699, Single_10b_9_2_2_BSRT_Calib_pilot
316554, 6699, Single_10b_9_2_2_BSRT_Calib_pilot
316553, 6699, Single_10b_9_2_2_BSRT_Calib_pilot
316505, 6696, 25ns_2556b_2544_2215_2332_144bpi_20injV2
316504, 6696, 25ns_2556b_2544_2215_2332_144bpi_20injV2
316503, 6696, 25ns_2556b_2544_2215_2332_144bpi_20injV2
316502, 6696, 25ns_2556b_2544_2215_2332_144bpi_20injV2
316500, 6696, 25ns_2556b_2544_2215_2332_144bpi_20injV2
316499, 6696, 25ns_2556b_2544_2215_2332_144bpi_20injV2
316472, 6694, 25ns_2175b_2162_1874_1964_144bpi_19inj
316470, 6694, 25ns_2175b_2162_1874_1964_144bpi_19inj
316469, 6694, 25ns_2175b_2162_1874_1964_144bpi_19inj
316464, 6694, 25ns_2175b_2162_1874_1964_144bpi_19inj
316459, 6694, 25ns_2175b_2162_1874_1964_144bpi_19inj
316458, 6694, 25ns_2175b_2162_1874_1964_144bpi_19inj
316457, 6693, 25ns_1887b_1874_1694_1772_144bpi_19inj
316456, 6693, 25ns_1887b_1874_1694_1772_144bpi_19inj
316455, 6693, 25ns_1887b_1874_1694_1772_144bpi_19inj
316454, 6693, 25ns_1887b_1874_1694_1772_144bpi_19inj
316453, 6693, 25ns_1887b_1874_1694_1772_144bpi_19inj
316452, 6693, 25ns_1887b_1874_1694_1772_144bpi_19inj
316451, 6693, 25ns_1887b_1874_1694_1772_144bpi_19inj
316450, 6693, 25ns_1887b_1874_1694_1772_144bpi_19inj
316449, 6693, 25ns_1887b_1874_1694_1772_144bpi_19inj
316446, 6693, 25ns_1887b_1874_1694_1772_144bpi_19inj
316445, 6693, 25ns_1887b_1874_1694_1772_144bpi_19inj
316442, 6692, 25ns_1551b_1538_1404_1467_144bpi_16inj
316441, 6692, 25ns_1551b_1538_1404_1467_144bpi_16inj
316440, 6692, 25ns_1551b_1538_1404_1467_144bpi_16inj
316437, 6692, 25ns_1551b_1538_1404_1467_144bpi_16inj
316436, 6692, 25ns_1551b_1538_1404_1467_144bpi_16inj
316433, 6692, 25ns_1551b_1538_1404_1467_144bpi_16inj
316432, 6692, 25ns_1551b_1538_1404_1467_144bpi_16inj
316430, 6692, 25ns_1551b_1538_1404_1467_144bpi_16inj
316380, 6690, 25ns_1227b_1214_1054_1102_144bpi_14inj
316379, 6690, 25ns_1227b_1214_1054_1102_144bpi_14inj
316378, 6690, 25ns_1227b_1214_1054_1102_144bpi_14inj
316377, 6690, 25ns_1227b_1214_1054_1102_144bpi_14inj
316376, 6690, 25ns_1227b_1214_1054_1102_144bpi_14inj
316375, 6690, 25ns_1227b_1214_1054_1102_144bpi_14inj
316374, 6690, 25ns_1227b_1214_1054_1102_144bpi_14inj
316373, 6690, 25ns_1227b_1214_1054_1102_144bpi_14inj
316371, 6690, 25ns_1227b_1214_1054_1102_144bpi_14inj
316363, 6688, 25ns_987b_974_878_917_144bpi_13inj
316362, 6688, 25ns_987b_974_878_917_144bpi_13inj
316361, 6688, 25ns_987b_974_878_917_144bpi_13inj
316360, 6688, 25ns_987b_974_878_917_144bpi_13inj
316359, 6688, 25ns_987b_974_878_917_144bpi_13inj
316358, 6688, 25ns_987b_974_878_917_144bpi_13inj
316357, 6688, 25ns_987b_974_878_917_144bpi_13inj
316354, 6688, 25ns_987b_974_878_917_144bpi_13inj
316353, 6688, 25ns_987b_974_878_917_144bpi_13inj
316271, 6683, 25ns_2556b_2544_2215_2332_144bpi_20injV2
316241, 6681, 25ns_2556b_2544_2215_2332_144bpi_20injV2
316240, 6681, 25ns_2556b_2544_2215_2332_144bpi_20injV2
316239, 6681, 25ns_2556b_2544_2215_2332_144bpi_20injV2
316238, 6681, 25ns_2556b_2544_2215_2332_144bpi_20injV2
316237, 6681, 25ns_2556b_2544_2215_2332_144bpi_20injV2
316236, 6681, 25ns_2556b_2544_2215_2332_144bpi_20injV2
316235, 6681, 25ns_2556b_2544_2215_2332_144bpi_20injV2
316234, 6681, 25ns_2556b_2544_2215_2332_144bpi_20injV2
316219, 6677, 25ns_2556b_2544_2215_2332_144bpi_20injV2
316218, 6677, 25ns_2556b_2544_2215_2332_144bpi_20injV2
316217, 6677, 25ns_2556b_2544_2215_2332_144bpi_20injV2
316216, 6677, 25ns_2556b_2544_2215_2332_144bpi_20injV2
316214, 6677, 25ns_2556b_2544_2215_2332_144bpi_20injV2
316213, 6677, 25ns_2556b_2544_2215_2332_144bpi_20injV2
316212, 6677, 25ns_2556b_2544_2215_2332_144bpi_20injV2
316211, 6677, 25ns_2556b_2544_2215_2332_144bpi_20injV2
316210, 6677, 25ns_2556b_2544_2215_2332_144bpi_20injV2
316209, 6677, 25ns_2556b_2544_2215_2332_144bpi_20injV2
316202, 6675, 25ns_2556b_2544_2215_2332_144bpi_20injV2
316201, 6675, 25ns_2556b_2544_2215_2332_144bpi_20injV2
316200, 6675, 25ns_2556b_2544_2215_2332_144bpi_20injV2
316199, 6675, 25ns_2556b_2544_2215_2332_144bpi_20injV2
316198, 6675, 25ns_2556b_2544_2215_2332_144bpi_20injV2
316196, 6675, 25ns_2556b_2544_2215_2332_144bpi_20injV2
316187, 6674, 25ns_2556b_2544_2215_2332_144bpi_20injV2
316186, 6674, 25ns_2556b_2544_2215_2332_144bpi_20injV2
316185, 6674, 25ns_2556b_2544_2215_2332_144bpi_20injV2
316184, 6674, 25ns_2556b_2544_2215_2332_144bpi_20injV2
316183, 6674, 25ns_2556b_2544_2215_2332_144bpi_20injV2
316153, 6672, 25ns_2556b_2544_2215_2332_144bpi_20injV2
316151, 6672, 25ns_2556b_2544_2215_2332_144bpi_20injV2
316150, 6672, 25ns_2556b_2544_2215_2332_144bpi_20injV2
316149, 6672, 25ns_2556b_2544_2215_2332_144bpi_20injV2
316147, 6672, 25ns_2556b_2544_2215_2332_144bpi_20injV2
316145, 6672, 25ns_2556b_2544_2215_2332_144bpi_20injV2
316114, 6666, 25ns_2556b_2544_2215_2332_144bpi_20injV2
316113, 6666, 25ns_2556b_2544_2215_2332_144bpi_20injV2
316112, 6666, 25ns_2556b_2544_2215_2332_144bpi_20injV2
316111, 6666, 25ns_2556b_2544_2215_2332_144bpi_20injV2
316110, 6666, 25ns_2556b_2544_2215_2332_144bpi_20injV2
316109, 6666, 25ns_2556b_2544_2215_2332_144bpi_20injV2
316108, 6666, 25ns_2556b_2544_2215_2332_144bpi_20injV2
316107, 6666, 25ns_2556b_2544_2215_2332_144bpi_20injV2
316106, 6666, 25ns_2556b_2544_2215_2332_144bpi_20injV2
316105, 6666, 25ns_2556b_2544_2215_2332_144bpi_20injV2
316102, 6666, 25ns_2556b_2544_2215_2332_144bpi_20injV2
316101, 6666, 25ns_2556b_2544_2215_2332_144bpi_20injV2
316082, 6663, 25ns_2556b_2544_2215_2332_144bpi_20injV2
316080, 6663, 25ns_2556b_2544_2215_2332_144bpi_20injV2
316079, 6663, 25ns_2556b_2544_2215_2332_144bpi_20injV2
316078, 6663, 25ns_2556b_2544_2215_2332_144bpi_20injV2
316077, 6663, 25ns_2556b_2544_2215_2332_144bpi_20injV2
316072, 6663, 25ns_2556b_2544_2215_2332_144bpi_20injV2
316069, 6663, 25ns_2556b_2544_2215_2332_144bpi_20injV2
316067, 6663, 25ns_2556b_2544_2215_2332_144bpi_20injV2
316066, 6663, 25ns_2556b_2544_2215_2332_144bpi_20injV2
316064, 6663, 25ns_2556b_2544_2215_2332_144bpi_20injV2
316062, 6662, 25ns_2556b_2544_2215_2332_144bpi_20injV2
316061, 6662, 25ns_2556b_2544_2215_2332_144bpi_20injV2
316060, 6662, 25ns_2556b_2544_2215_2332_144bpi_20injV2
316059, 6662, 25ns_2556b_2544_2215_2332_144bpi_20injV2
316058, 6662, 25ns_2556b_2544_2215_2332_144bpi_20injV2
316057, 6662, 25ns_2556b_2544_2215_2332_144bpi_20injV2
316056, 6662, 25ns_2556b_2544_2215_2332_144bpi_20injV2
316055, 6662, 25ns_2556b_2544_2215_2332_144bpi_20injV2
316054, 6662, 25ns_2556b_2544_2215_2332_144bpi_20injV2
316053, 6662, 25ns_2556b_2544_2215_2332_144bpi_20injV2
316051, 6662, 25ns_2556b_2544_2215_2332_144bpi_20injV2
316049, 6662, 25ns_2556b_2544_2215_2332_144bpi_20injV2
316048, 6662, 25ns_2556b_2544_2215_2332_144bpi_20injV2
315974, 6659, 25ns_2556b_2544_2215_2332_144bpi_20injV2
315973, 6659, 25ns_2556b_2544_2215_2332_144bpi_20injV2
315971, 6659, 25ns_2556b_2544_2215_2332_144bpi_20injV2
315970, 6659, 25ns_2556b_2544_2215_2332_144bpi_20injV2
315969, 6659, 25ns_2556b_2544_2215_2332_144bpi_20injV2
315966, 6659, 25ns_2556b_2544_2215_2332_144bpi_20injV2
315965, 6659, 25ns_2556b_2544_2215_2332_144bpi_20injV2
315964, 6659, 25ns_2556b_2544_2215_2332_144bpi_20injV2
315963, 6659, 25ns_2556b_2544_2215_2332_144bpi_20injV2
315962, 6659, 25ns_2556b_2544_2215_2332_144bpi_20injV2
315840, 6654, 25ns_2556b_2544_2215_2332_144bpi_20injV2
315839, 6654, 25ns_2556b_2544_2215_2332_144bpi_20injV2
315802, 6650, 25ns_2556b_2544_2215_2332_144bpi_20injV2
315801, 6650, 25ns_2556b_2544_2215_2332_144bpi_20injV2
315800, 6650, 25ns_2556b_2544_2215_2332_144bpi_20injV2
315798, 6650, 25ns_2556b_2544_2215_2332_144bpi_20injV2
315797, 6650, 25ns_2556b_2544_2215_2332_144bpi_20injV2
315796, 6650, 25ns_2556b_2544_2215_2332_144bpi_20injV2
315790, 6648, 25ns_2556b_2544_2215_2332_144bpi_20injV2
315789, 6648, 25ns_2556b_2544_2215_2332_144bpi_20injV2
315788, 6648, 25ns_2556b_2544_2215_2332_144bpi_20injV2
315787, 6648, 25ns_2556b_2544_2215_2332_144bpi_20injV2
315786, 6648, 25ns_2556b_2544_2215_2332_144bpi_20injV2
315785, 6648, 25ns_2556b_2544_2215_2332_144bpi_20injV2
315784, 6648, 25ns_2556b_2544_2215_2332_144bpi_20injV2
315782, 6648, 25ns_2556b_2544_2215_2332_144bpi_20injV2
315780, 6648, 25ns_2556b_2544_2215_2332_144bpi_20injV2
315778, 6648, 25ns_2556b_2544_2215_2332_144bpi_20injV2
315777, 6648, 25ns_2556b_2544_2215_2332_144bpi_20injV2
315770, 6646, 25ns_2556b_2544_2215_2332_144bpi_20injV2
315768, 6646, 25ns_2556b_2544_2215_2332_144bpi_20injV2
315767, 6646, 25ns_2556b_2544_2215_2332_144bpi_20injV2
315765, 6646, 25ns_2556b_2544_2215_2332_144bpi_20injV2
315764, 6645, 25ns_2556b_2544_2215_2332_144bpi_20injV2
315762, 6645, 25ns_2556b_2544_2215_2332_144bpi_20injV2
315761, 6645, 25ns_2556b_2544_2215_2332_144bpi_20injV2
315760, 6645, 25ns_2556b_2544_2215_2332_144bpi_20injV2
315759, 6645, 25ns_2556b_2544_2215_2332_144bpi_20injV2
315758, 6645, 25ns_2556b_2544_2215_2332_144bpi_20injV2
315753, 6645, 25ns_2556b_2544_2215_2332_144bpi_20injV2
315741, 6643, 25ns_2556b_2544_2215_2332_144bpi_20injV2
315739, 6643, 25ns_2556b_2544_2215_2332_144bpi_20injV2
315738, 6643, 25ns_2556b_2544_2215_2332_144bpi_20injV2
315737, 6643, 25ns_2556b_2544_2215_2332_144bpi_20injV2
315733, 6643, 25ns_2556b_2544_2215_2332_144bpi_20injV2
315732, 6643, 25ns_2556b_2544_2215_2332_144bpi_20injV2
315721, 6642, 25ns_2460b_2448_2052_2154_144bpi_19injv2
315719, 6642, 25ns_2460b_2448_2052_2154_144bpi_19injv2
315716, 6642, 25ns_2460b_2448_2052_2154_144bpi_19injv2
315715, 6642, 25ns_2460b_2448_2052_2154_144bpi_19injv2
315714, 6642, 25ns_2460b_2448_2052_2154_144bpi_19injv2
315713, 6641, 25ns_2460b_2448_2052_2154_144bpi_19injv2
315712, 6641, 25ns_2460b_2448_2052_2154_144bpi_19injv2
315711, 6641, 25ns_2460b_2448_2052_2154_144bpi_19injv2
315709, 6641, 25ns_2460b_2448_2052_2154_144bpi_19injv2
315708, 6641, 25ns_2460b_2448_2052_2154_144bpi_19injv2
315707, 6641, 25ns_2460b_2448_2052_2154_144bpi_19injv2
315706, 6641, 25ns_2460b_2448_2052_2154_144bpi_19injv2
315705, 6640, 25ns_2460b_2448_2052_2154_144bpi_19injv2
315704, 6640, 25ns_2460b_2448_2052_2154_144bpi_19injv2
315703, 6640, 25ns_2460b_2448_2052_2154_144bpi_19injv2
315702, 6640, 25ns_2460b_2448_2052_2154_144bpi_19injv2
315700, 6640, 25ns_2460b_2448_2052_2154_144bpi_19injv2
315698, 6640, 25ns_2460b_2448_2052_2154_144bpi_19injv2
315697, 6640, 25ns_2460b_2448_2052_2154_144bpi_19injv2
315695, 6640, 25ns_2460b_2448_2052_2154_144bpi_19injv2
315694, 6640, 25ns_2460b_2448_2052_2154_144bpi_19injv2
315693, 6640, 25ns_2460b_2448_2052_2154_144bpi_19injv2
315690, 6639, 25ns_2319b_2306_1964_2060_144bpi_22inj
315689, 6639, 25ns_2319b_2306_1964_2060_144bpi_22inj
315688, 6639, 25ns_2319b_2306_1964_2060_144bpi_22inj
315687, 6639, 25ns_2319b_2306_1964_2060_144bpi_22inj
315684, 6639, 25ns_2319b_2306_1964_2060_144bpi_22inj
315683, 6639, 25ns_2319b_2306_1964_2060_144bpi_22inj
315682, 6639, 25ns_2319b_2306_1964_2060_144bpi_22inj
315680, 6639, 25ns_2319b_2306_1964_2060_144bpi_22inj
315673, 6639, 25ns_2319b_2306_1964_2060_144bpi_22inj
315672, 6639, 25ns_2319b_2306_1964_2060_144bpi_22inj
315665, 6639, 25ns_2319b_2306_1964_2060_144bpi_22inj
315661, 6639, 25ns_2319b_2306_1964_2060_144bpi_22inj
315653, 6639, 25ns_2319b_2306_1964_2060_144bpi_22inj
315652, 6639, 25ns_2319b_2306_1964_2060_144bpi_22inj
315648, 6638, 25ns_2175b_2162_1874_1964_144bpi_19inj
315647, 6638, 25ns_2175b_2162_1874_1964_144bpi_19inj
315646, 6638, 25ns_2175b_2162_1874_1964_144bpi_19inj
315645, 6638, 25ns_2175b_2162_1874_1964_144bpi_19inj
315644, 6638, 25ns_2175b_2162_1874_1964_144bpi_19inj
315642, 6638, 25ns_2175b_2162_1874_1964_144bpi_19inj
315641, 6638, 25ns_2175b_2162_1874_1964_144bpi_19inj
315640, 6638, 25ns_2175b_2162_1874_1964_144bpi_19inj
315638, 6638, 25ns_2175b_2162_1874_1964_144bpi_19inj
315637, 6638, 25ns_2175b_2162_1874_1964_144bpi_19inj
315636, 6638, 25ns_2175b_2162_1874_1964_144bpi_19inj
315635, 6638, 25ns_2175b_2162_1874_1964_144bpi_19inj
315634, 6638, 25ns_2175b_2162_1874_1964_144bpi_19inj
315633, 6638, 25ns_2175b_2162_1874_1964_144bpi_19inj
315631, 6638, 25ns_2175b_2162_1874_1964_144bpi_19inj
315629, 6638, 25ns_2175b_2162_1874_1964_144bpi_19inj
315628, 6638, 25ns_2175b_2162_1874_1964_144bpi_19inj
315627, 6638, 25ns_2175b_2162_1874_1964_144bpi_19inj
315626, 6638, 25ns_2175b_2162_1874_1964_144bpi_19inj
315624, 6638, 25ns_2175b_2162_1874_1964_144bpi_19inj
315623, 6638, 25ns_2175b_2162_1874_1964_144bpi_19inj
315557, 6636, 25ns_1887b_1874_1694_1772_144bpi_19inj
315556, 6636, 25ns_1887b_1874_1694_1772_144bpi_19inj
315555, 6636, 25ns_1887b_1874_1694_1772_144bpi_19inj
315554, 6636, 25ns_1887b_1874_1694_1772_144bpi_19inj
315553, 6636, 25ns_1887b_1874_1694_1772_144bpi_19inj
315550, 6636, 25ns_1887b_1874_1694_1772_144bpi_19inj
315547, 6636, 25ns_1887b_1874_1694_1772_144bpi_19inj
315543, 6633, 25ns_1887b_1874_1694_1772_144bpi_19inj
315542, 6633, 25ns_1887b_1874_1694_1772_144bpi_19inj
315512, 6629, 25ns_1887b_1874_1694_1772_144bpi_19inj
315510, 6629, 25ns_1887b_1874_1694_1772_144bpi_19inj
315509, 6629, 25ns_1887b_1874_1694_1772_144bpi_19inj
315506, 6629, 25ns_1887b_1874_1694_1772_144bpi_19inj
315503, 6629, 25ns_1887b_1874_1694_1772_144bpi_19inj
315499, 6629, 25ns_1887b_1874_1694_1772_144bpi_19inj
315496, 6629, 25ns_1887b_1874_1694_1772_144bpi_19inj
315492, 6629, 25ns_1887b_1874_1694_1772_144bpi_19inj
315490, 6628, 25ns_1551b_1538_1404_1467_144bpi_16inj
315489, 6628, 25ns_1551b_1538_1404_1467_144bpi_16inj
315488, 6628, 25ns_1551b_1538_1404_1467_144bpi_16inj
315487, 6628, 25ns_1551b_1538_1404_1467_144bpi_16inj
315420, 6624, 25ns_1227b_1214_1054_1102_144bpi_14inj
315419, 6624, 25ns_1227b_1214_1054_1102_144bpi_14inj
315366, 6621, 25ns_1227b_1214_1054_1102_144bpi_14inj
315365, 6621, 25ns_1227b_1214_1054_1102_144bpi_14inj
315363, 6621, 25ns_1227b_1214_1054_1102_144bpi_14inj
315362, 6621, 25ns_1227b_1214_1054_1102_144bpi_14inj
315361, 6621, 25ns_1227b_1214_1054_1102_144bpi_14inj
315360, 6621, 25ns_1227b_1214_1054_1102_144bpi_14inj
315359, 6621, 25ns_1227b_1214_1054_1102_144bpi_14inj
315358, 6621, 25ns_1227b_1214_1054_1102_144bpi_14inj
315357, 6620, 25ns_1227b_1214_1054_1102_144bpi_14inj
315355, 6620, 25ns_1227b_1214_1054_1102_144bpi_14inj
315354, 6620, 25ns_1227b_1214_1054_1102_144bpi_14inj
315353, 6620, 25ns_1227b_1214_1054_1102_144bpi_14inj
315339, 6618, 25ns_987b_974_878_917_144bpi_13inj
315338, 6618, 25ns_987b_974_878_917_144bpi_13inj
315335, 6618, 25ns_987b_974_878_917_144bpi_13inj
315334, 6618, 25ns_987b_974_878_917_144bpi_13inj
315333, 6618, 25ns_987b_974_878_917_144bpi_13inj
315332, 6618, 25ns_987b_974_878_917_144bpi_13inj
315331, 6618, 25ns_987b_974_878_917_144bpi_13inj
315322, 6617, 25ns_987b_974_878_917_144bpi_13inj
315321, 6617, 25ns_987b_974_878_917_144bpi_13inj
315320, 6617, 25ns_987b_974_878_917_144bpi_13inj
315318, 6617, 25ns_987b_974_878_917_144bpi_13inj
315315, 6617, 25ns_987b_974_878_917_144bpi_13inj
315313, 6617, 25ns_987b_974_878_917_144bpi_13inj
315309, 6617, 25ns_987b_974_878_917_144bpi_13inj
315304, 6617, 25ns_987b_974_878_917_144bpi_13inj
315300, 6617, 25ns_987b_974_878_917_144bpi_13inj
315299, 6617, 25ns_987b_974_878_917_144bpi_13inj
315297, 6617, 25ns_987b_974_878_917_144bpi_13inj
315293, 6617, 25ns_987b_974_878_917_144bpi_13inj
315286, 6617, 25ns_987b_974_878_917_144bpi_13inj
315275, 6617, 25ns_987b_974_878_917_144bpi_13inj
315274, 6617, 25ns_987b_974_878_917_144bpi_13inj
315273, 6616, 25ns_987b_974_876_912_96bpi_17inj
315270, 6616, 25ns_987b_974_876_912_96bpi_17inj
315268, 6616, 25ns_987b_974_876_912_96bpi_17inj
315267, 6616, 25ns_987b_974_876_912_96bpi_17inj
315266, 6616, 25ns_987b_974_876_912_96bpi_17inj
315265, 6616, 25ns_987b_974_876_912_96bpi_17inj
315264, 6616, 25ns_987b_974_876_912_96bpi_17inj
315262, 6616, 25ns_987b_974_876_912_96bpi_17inj
315260, 6616, 25ns_987b_974_876_912_96bpi_17inj
315259, 6615, 25ns_603b_590_526_547_96bpi_13inj
315258, 6615, 25ns_603b_590_526_547_96bpi_13inj
315257, 6615, 25ns_603b_590_526_547_96bpi_13inj
315255, 6615, 25ns_603b_590_526_547_96bpi_13inj
315252, 6615, 25ns_603b_590_526_547_96bpi_13inj
315250, 6615, 25ns_603b_590_526_547_96bpi_13inj
315249, 6615, 25ns_603b_590_526_547_96bpi_13inj
315248, 6615, 25ns_603b_590_526_547_96bpi_13inj
315247, 6615, 25ns_603b_590_526_547_96bpi_13inj
315246, 6615, 25ns_603b_590_526_547_96bpi_13inj
315244, 6615, 25ns_603b_590_526_547_96bpi_13inj
315243, 6615, 25ns_603b_590_526_547_96bpi_13inj
315242, 6615, 25ns_603b_590_526_547_96bpi_13inj
315241, 6615, 25ns_603b_590_526_547_96bpi_13inj
315240, 6615, 25ns_603b_590_526_547_96bpi_13inj
315239, 6615, 25ns_603b_590_526_547_96bpi_13inj
315238, 6615, 25ns_603b_590_526_547_96bpi_13inj
315237, 6615, 25ns_603b_590_526_547_96bpi_13inj
315236, 6615, 25ns_603b_590_526_547_96bpi_13inj
315235, 6615, 25ns_603b_590_526_547_96bpi_13inj
315234, 6615, 25ns_603b_590_526_547_96bpi_13inj
315233, 6615, 25ns_603b_590_526_547_96bpi_13inj
315232, 6615, 25ns_603b_590_526_547_96bpi_13inj
315231, 6615, 25ns_603b_590_526_547_96bpi_13inj
315230, 6615, 25ns_603b_590_526_547_96bpi_13inj
315229, 6615, 25ns_603b_590_526_547_96bpi_13inj
315228, 6615, 25ns_603b_590_526_547_96bpi_13inj
315227, 6615, 25ns_603b_590_526_547_96bpi_13inj
315226, 6615, 25ns_603b_590_526_547_96bpi_13inj
315225, 6615, 25ns_603b_590_526_547_96bpi_13inj
315224, 6615, 25ns_603b_590_526_547_96bpi_13inj
315220, 6615, 25ns_603b_590_526_547_96bpi_13inj
315218, 6615, 25ns_603b_590_526_547_96bpi_13inj
315216, 6615, 25ns_603b_590_526_547_96bpi_13inj
315215, 6615, 25ns_603b_590_526_547_96bpi_13inj
315214, 6615, 25ns_603b_590_526_547_96bpi_13inj
315210, 6615, 25ns_603b_590_526_547_96bpi_13inj
315206, 6615, 25ns_603b_590_526_547_96bpi_13inj
315205, 6615, 25ns_603b_590_526_547_96bpi_13inj
315201, 6615, 25ns_603b_590_526_547_96bpi_13inj
315194, 6615, 25ns_603b_590_526_547_96bpi_13inj
315193, 6615, 25ns_603b_590_526_547_96bpi_13inj
315190, 6614, 25ns_603b_590_524_542_48bpi_17inj
315189, 6614, 25ns_603b_590_524_542_48bpi_17inj
315188, 6614, 25ns_603b_590_524_542_48bpi_17inj
315187, 6614, 25ns_603b_590_524_542_48bpi_17inj
315186, 6614, 25ns_603b_590_524_542_48bpi_17inj
315183, 6614, 25ns_603b_590_524_542_48bpi_17inj
315182, 6614, 25ns_603b_590_524_542_48bpi_17inj
315180, 6613, 25ns_603b_590_524_542_48bpi_17inj
315179, 6613, 25ns_603b_590_524_542_48bpi_17inj
315177, 6613, 25ns_603b_590_524_542_48bpi_17inj
315174, 6613, 25ns_603b_590_524_542_48bpi_17inj
315172, 6612, 25ns_603b_590_524_542_48bpi_17inj
315171, 6612, 25ns_603b_590_524_542_48bpi_17inj
315168, 6612, 25ns_603b_590_524_542_48bpi_17inj
315167, 6612, 25ns_603b_590_524_542_48bpi_17inj
315166, 6612, 25ns_603b_590_524_542_48bpi_17inj
315165, 6612, 25ns_603b_590_524_542_48bpi_17inj
315163, 6612, 25ns_603b_590_524_542_48bpi_17inj
315159, 6612, 25ns_603b_590_524_542_48bpi_17inj
315157, 6612, 25ns_603b_590_524_542_48bpi_17inj
315154, 6612, 25ns_603b_590_524_542_48bpi_17inj
315151, 6612, 25ns_603b_590_524_542_48bpi_17inj
315150, 6612, 25ns_603b_590_524_542_48bpi_17inj
315149, 6612, 25ns_603b_590_524_542_48bpi_17inj
315147, 6612, 25ns_603b_590_524_542_48bpi_17inj
315146, 6612, 25ns_603b_590_524_542_48bpi_17inj
315143, 6612, 25ns_603b_590_524_542_48bpi_17inj
315139, 6612, 25ns_603b_590_524_542_48bpi_17inj
315136, 6612, 25ns_603b_590_524_542_48bpi_17inj
315128, 6612, 25ns_603b_590_524_542_48bpi_17inj
315116, 6612, 25ns_603b_590_524_542_48bpi_17inj
315114, 6612, 25ns_603b_590_524_542_48bpi_17inj
315112, 6611, 25ns_315b_302_237_240_48bpi_11inj
315111, 6611, 25ns_315b_302_237_240_48bpi_11inj
315108, 6611, 25ns_315b_302_237_240_48bpi_11inj
315107, 6611, 25ns_315b_302_237_240_48bpi_11inj
315106, 6611, 25ns_315b_302_237_240_48bpi_11inj
315105, 6611, 25ns_315b_302_237_240_48bpi_11inj
315104, 6611, 25ns_315b_302_237_240_48bpi_11inj
315103, 6611, 25ns_315b_302_237_240_48bpi_11inj
315100, 6611, 25ns_315b_302_237_240_48bpi_11inj
315094, 6611, 25ns_315b_302_237_240_48bpi_11inj
315091, 6611, 25ns_315b_302_237_240_48bpi_11inj
315090, 6611, 25ns_315b_302_237_240_48bpi_11inj
315089, 6611, 25ns_315b_302_237_240_48bpi_11inj
315087, 6611, 25ns_315b_302_237_240_48bpi_11inj
315086, 6611, 25ns_315b_302_237_240_48bpi_11inj
314890, 6595, 25ns_339b_326_206_266_12bpi_31inj
314889, 6595, 25ns_339b_326_206_266_12bpi_31inj
314887, 6595, 25ns_339b_326_206_266_12bpi_31inj
314886, 6595, 25ns_339b_326_206_266_12bpi_31inj
314883, 6595, 25ns_339b_326_206_266_12bpi_31inj
314881, 6595, 25ns_339b_326_206_266_12bpi_31inj
314880, 6595, 25ns_339b_326_206_266_12bpi_31inj
314878, 6594, 25ns_339b_326_206_266_12bpi_31inj
314877, 6594, 25ns_339b_326_206_266_12bpi_31inj
314876, 6594, 25ns_339b_326_206_266_12bpi_31inj
314875, 6594, 25ns_339b_326_206_266_12bpi_31inj
314874, 6594, 25ns_339b_326_206_266_12bpi_31inj
314873, 6594, 25ns_339b_326_206_266_12bpi_31inj
314872, 6594, 25ns_339b_326_206_266_12bpi_31inj
314870, 6594, 25ns_339b_326_206_266_12bpi_31inj
314867, 6594, 25ns_339b_326_206_266_12bpi_31inj
314865, 6594, 25ns_339b_326_206_266_12bpi_31inj
314864, 6594, 25ns_339b_326_206_266_12bpi_31inj
314863, 6594, 25ns_339b_326_206_266_12bpi_31inj
314861, 6594, 25ns_339b_326_206_266_12bpi_31inj
314860, 6594, 25ns_339b_326_206_266_12bpi_31inj
314859, 6594, 25ns_339b_326_206_266_12bpi_31inj
314857, 6594, 25ns_339b_326_206_266_12bpi_31inj
314856, 6594, 25ns_339b_326_206_266_12bpi_31inj
314855, 6594, 25ns_339b_326_206_266_12bpi_31inj
314848, 6592, Single_10b_9_2_2_BSRT_Calib_RampUp
314816, 6584, no_value
314814, 6584, no_value
314812, 6583, 25ns_75b_62_32_62_12bpi_9inj
314811, 6583, 25ns_75b_62_32_62_12bpi_9inj
314810, 6583, 25ns_75b_62_32_62_12bpi_9inj
314809, 6583, 25ns_75b_62_32_62_12bpi_9inj
314808, 6583, 25ns_75b_62_32_62_12bpi_9inj
314806, 6583, 25ns_75b_62_32_62_12bpi_9inj
314764, 6579, 25ns_75b_62_32_62_12bpi_9inj
314759, 6579, 25ns_75b_62_32_62_12bpi_9inj
314758, 6579, 25ns_75b_62_32_62_12bpi_9inj
314757, 6579, 25ns_75b_62_32_62_12bpi_9inj
314756, 6579, 25ns_75b_62_32_62_12bpi_9inj
314755, 6579, 25ns_75b_62_32_62_12bpi_9inj
314754, 6579, 25ns_75b_62_32_62_12bpi_9inj
314753, 6579, 25ns_75b_62_32_62_12bpi_9inj
314752, 6579, 25ns_75b_62_32_62_12bpi_9inj
314751, 6579, 25ns_75b_62_32_62_12bpi_9inj
314750, 6579, 25ns_75b_62_32_62_12bpi_9inj
314749, 6579, 25ns_75b_62_32_62_12bpi_9inj
314748, 6579, 25ns_75b_62_32_62_12bpi_9inj
314747, 6579, 25ns_75b_62_32_62_12bpi_9inj
314745, 6579, 25ns_75b_62_32_62_12bpi_9inj
314744, 6579, 25ns_75b_62_32_62_12bpi_9inj
314665, 6574, Single_12b_8_8_8_2018
314664, 6574, Single_12b_8_8_8_2018
314663, 6574, Single_12b_8_8_8_2018
314662, 6574, Single_12b_8_8_8_2018
314661, 6574, Single_12b_8_8_8_2018
314660, 6574, Single_12b_8_8_8_2018
314659, 6574, Single_12b_8_8_8_2018
314658, 6574, Single_12b_8_8_8_2018
314657, 6574, Single_12b_8_8_8_2018
314656, 6574, Single_12b_8_8_8_2018
314655, 6574, Single_12b_8_8_8_2018
314654, 6574, Single_12b_8_8_8_2018
314653, 6574, Single_12b_8_8_8_2018
314652, 6574, Single_12b_8_8_8_2018
314651, 6574, Single_12b_8_8_8_2018
314650, 6574, Single_12b_8_8_8_2018
314649, 6574, Single_12b_8_8_8_2018
314648, 6574, Single_12b_8_8_8_2018
314646, 6574, Single_12b_8_8_8_2018
314645, 6574, Single_12b_8_8_8_2018
314637, 6574, Single_12b_8_8_8_2018
314632, 6574, Single_12b_8_8_8_2018
314626, 6574, Single_12b_8_8_8_2018
314625, 6574, Single_12b_8_8_8_2018
314622, 6574, Single_12b_8_8_8_2018
314621, 6574, Single_12b_8_8_8_2018
314620, 6574, Single_12b_8_8_8_2018
314619, 6574, Single_12b_8_8_8_2018
314618, 6574, Single_12b_8_8_8_2018
314615, 6574, Single_12b_8_8_8_2018
314614, 6574, Single_12b_8_8_8_2018
314611, 6574, Single_12b_8_8_8_2018
314610, 6574, Single_12b_8_8_8_2018
314607, 6573, Single_3b_2_2_2
314606, 6573, Single_3b_2_2_2
314600, 6573, Single_3b_2_2_2
314587, 6573, Single_3b_2_2_2
314580, 6573, Single_3b_2_2_2
314577, 6573, Single_3b_2_2_2
314576, 6573, Single_3b_2_2_2
314575, 6573, Single_3b_2_2_2
314574, 6573, Single_3b_2_2_2
314573, 6573, Single_3b_2_2_2
314572, 6573, Single_3b_2_2_2
314571, 6573, Single_3b_2_2_2
314570, 6573, Single_3b_2_2_2
314568, 6573, Single_3b_2_2_2
314567, 6573, Single_3b_2_2_2
314566, 6573, Single_3b_2_2_2
314565, 6573, Single_3b_2_2_2
314564, 6573, Single_3b_2_2_2
314563, 6573, Single_3b_2_2_2
314562, 6573, Single_3b_2_2_2
314560, 6573, Single_3b_2_2_2
314559, 6573, Single_3b_2_2_2
314558, 6573, Single_3b_2_2_2
314557, 6573, Single_3b_2_2_2
314556, 6573, Single_3b_2_2_2
314555, 6573, Single_3b_2_2_2
314552, 6573, Single_3b_2_2_2
314530, 6570, Single_3b_2_2_2
314529, 6570, Single_3b_2_2_2
314527, 6570, Single_3b_2_2_2
314524, 6570, Single_3b_2_2_2
314521, 6570, Single_3b_2_2_2
314515, 6570, Single_3b_2_2_2
314513, 6570, Single_3b_2_2_2
314512, 6570, Single_3b_2_2_2
314511, 6570, Single_3b_2_2_2
314510, 6570, Single_3b_2_2_2
314509, 6570, Single_3b_2_2_2
314508, 6570, Single_3b_2_2_2
314507, 6570, Single_3b_2_2_2
314506, 6570, Single_3b_2_2_2
314504, 6570, Single_3b_2_2_2
314503, 6570, Single_3b_2_2_2
314502, 6570, Single_3b_2_2_2
314501, 6570, Single_3b_2_2_2
314500, 6570, Single_3b_2_2_2
314499, 6570, Single_3b_2_2_2
314498, 6570, Single_3b_2_2_2
314497, 6570, Single_3b_2_2_2
314496, 6570, Single_3b_2_2_2
314495, 6570, Single_3b_2_2_2
314494, 6570, Single_3b_2_2_2
314492, 6570, Single_3b_2_2_2
314491, 6570, Single_3b_2_2_2
314490, 6570, Single_3b_2_2_2
314488, 6570, Single_3b_2_2_2
314487, 6570, Single_3b_2_2_2
314486, 6570, Single_3b_2_2_2
314485, 6570, Single_3b_2_2_2
314483, 6570, Single_3b_2_2_2
314482, 6570, Single_3b_2_2_2
314481, 6570, Single_3b_2_2_2
314480, 6570, Single_3b_2_2_2
314479, 6570, Single_3b_2_2_2
314478, 6570, Single_3b_2_2_2
314477, 6570, Single_3b_2_2_2
314476, 6570, Single_3b_2_2_2
314475, 6570, Single_3b_2_2_2
314474, 6570, Single_3b_2_2_2
314473, 6570, Single_3b_2_2_2
314472, 6570, Single_3b_2_2_2
314471, 6570, Single_3b_2_2_2
314470, 6570, Single_3b_2_2_2
314465, 6570, Single_3b_2_2_2
314458, 6570, Single_3b_2_2_2
